SB,MIS,AA,EID,EKD,OD,SS
20,50,0.7,7.65239207152213e-05,0.002633227949172312,0.0007333926850592754,4.336808689942018e-20
20,50,0.7,0.003042084220098662,0.020846788843762898,0.009717625348643556,6.938893903907229e-19
20,50,0.7,0.03313549408015648,0.5267639124381351,0.25366778036746007,0.0
20,50,0.7,0.6499231147026632,2.715084275324291,1.9173883895998707,4.4408920985006264e-17
20,50,0.7,0.001431501085324971,0.013248404746164955,0.004497467218652762,3.4694469519536144e-19
20,50,0.7,0.019009764201119328,0.14367351699198894,0.05401521969808778,0.0
20,50,0.7,0.21642597650429396,2.382990084809919,1.1810208141231648,4.4408920985006264e-17
20,50,0.7,1.7837347450530712,3.3485918339331566,2.716940566249305,0.0
20,50,0.7,0.015595144996073618,0.301134516890635,0.11637576014883963,5.551115123125783e-18
20,50,0.7,0.7028991003994034,2.0146386359797614,1.292871798329688,1.7763568394002506e-16
20,50,0.7,2.15642046688992,3.48021137132432,2.7210136567823593,8.881784197001253e-17
20,50,0.7,2.6204435905887036,4.400547818262616,3.6165987374184416,8.881784197001253e-17
20,50,0.7,0.8394637101816298,2.664343078996698,1.7871746182552861,1.3322676295501878e-16
20,50,0.7,1.416594814314586,3.5277762664449424,2.6899587511728353,0.0
20,50,0.7,2.451398875242291,3.9772396644406,3.1268706316796893,2.6645352591003756e-16
20,50,0.7,3.507392737077087,4.1615162378603685,3.834925534926691,0.0
20,50,0.8,0.004412885274068135,0.04027301583022025,0.01577482268509458,1.3877787807814458e-18
20,50,0.8,0.03888451377304891,0.21222184468190664,0.10194996922629018,0.0
20,50,0.8,0.34980639410850545,1.9624641900235535,1.1146702273283726,4.4408920985006264e-17
20,50,0.8,0.7811079298590831,3.1799903153871303,2.2858291851507873,0.0
20,50,0.8,0.02155394549292966,0.19887398043814075,0.08869096976501582,2.7755575615628915e-18
20,50,0.8,0.17205746257765897,0.8520692534276937,0.4856756945956672,1.1102230246251565e-16
20,50,0.8,1.0519451695855904,3.3268810848151813,2.458276642456366,2.6645352591003756e-16
20,50,0.8,1.9253664422082868,4.116814117062113,3.054626989160191,3.552713678800501e-16
20,50,0.8,0.07348170255538777,2.0504094293015602,0.6573040598298938,8.881784197001253e-17
20,50,0.8,0.9358205971115514,3.28385138309816,2.0462618896186617,2.6645352591003756e-16
20,50,0.8,2.5782674562348196,4.0757506933997725,2.9597135525037905,1.3322676295501878e-16
20,50,0.8,1.5694207935745372,4.544710834060432,3.2120830407699144,2.220446049250313e-16
20,50,0.8,1.1097094301279111,2.994816594613934,2.2628153961098976,8.881784197001253e-17
20,50,0.8,1.4557644613000105,4.121888986714474,2.981237155780872,2.220446049250313e-16
20,50,0.8,2.4742089000323984,4.547418017358442,3.641209381387462,3.552713678800501e-16
20,50,0.8,2.400199763727166,5.466250837654947,3.7934297099196073,2.6645352591003756e-16
20,50,0.9,0.0927850053089796,0.5835381926096841,0.2567701458169872,2.2204460492503132e-17
20,50,0.9,0.2099850900622724,2.1542866755026115,0.8384260237971638,7.771561172376095e-17
20,50,0.9,0.8818580257589024,3.212558566396958,1.8783915182342548,0.0
20,50,0.9,0.9671972377891582,3.6949497359500545,2.8434556787884175,1.7763568394002506e-16
20,50,0.9,0.19488180228577834,1.5132382025712592,0.8368221569610877,1.1102230246251565e-16
20,50,0.9,0.6338870198517808,2.854423032513911,1.798690241923964,8.881784197001253e-17
20,50,0.9,0.46840375538588264,3.650026826639927,2.210854911843099,8.881784197001253e-17
20,50,0.9,2.1629530237583556,4.839984894160885,3.586999405465722,8.881784197001253e-17
20,50,0.9,0.2590588757658918,3.1511570038853525,1.9289883334605111,8.881784197001253e-17
20,50,0.9,1.673301919463754,3.922713222697443,3.0190177968343557,8.881784197001253e-17
20,50,0.9,1.4305644330733505,3.947062315511094,2.85879335428972,0.0
20,50,0.9,2.681760146319452,5.40903043620796,3.8896277352376147,6.217248937900876e-16
20,50,0.9,0.7508656643687215,3.223968405688876,2.618307209379335,8.881784197001253e-17
20,50,0.9,2.351593765755585,3.8455375593586933,3.054725894034937,8.881784197001253e-17
20,50,0.9,2.7158916156054187,5.183596177236591,3.984709619201682,2.6645352591003756e-16
20,50,0.9,2.772980060942569,5.253611284983908,4.0031357167670505,4.4408920985006264e-17
20,50,1.0,0.6105353332089192,2.861858587022358,1.6314646375573882,1.3322676295501878e-16
20,50,1.0,0.9170421933917905,3.2249127284888357,2.319113117900665,8.881784197001253e-17
20,50,1.0,2.5420064579404458,3.6104946082498377,3.1569164676884114,8.881784197001253e-17
20,50,1.0,0.6656941070884241,3.968898506641463,2.9519786431557486,8.881784197001253e-17
20,50,1.0,0.40147173447424267,2.7359358030583185,1.7805735721047236,0.0
20,50,1.0,1.3398203834112974,3.3958110132875707,2.5511059157935305,2.6645352591003756e-16
20,50,1.0,2.144378360814461,3.653021207073785,3.0561629667672063,8.881784197001253e-17
20,50,1.0,1.8613805901570903,4.622375306292998,3.4324317004879434,2.220446049250313e-16
20,50,1.0,1.8759852118983038,3.2694010790509336,2.6006171235371114,0.0
20,50,1.0,2.1247577910302877,3.7459268335653424,3.020940278903069,8.881784197001253e-17
20,50,1.0,0.2925522240747189,4.976086259984541,3.3945094663165727,1.3322676295501878e-16
20,50,1.0,1.2397881177273118,5.6773710398116215,3.6780063659706683,3.108624468950438e-16
20,50,1.0,2.6384129846757713,4.040551548241865,3.4532023087424966,2.220446049250313e-16
20,50,1.0,2.3440039407767945,4.505417084199614,3.713182720181384,3.552713678800501e-16
20,50,1.0,2.284860629506231,5.044444245307048,3.755737306209298,4.440892098500626e-16
20,50,1.0,2.4990881975088155,4.9629058195965605,3.8352304722656343,5.329070518200751e-16
20,75,0.7,4.0869291848544265e-06,2.2667810619214634e-05,1.1275457209070083e-05,6.776263578034403e-22
20,75,0.7,8.904176015223086e-05,0.001853570734060117,0.0006764538103351647,4.336808689942018e-20
20,75,0.7,0.007859994141057758,0.19804379839515862,0.09084391953239583,2.7755575615628915e-18
20,75,0.7,0.15565581080434088,1.9357587701606715,1.2685623900997438,8.881784197001253e-17
20,75,0.7,9.332210967416543e-05,0.0007721356760623799,0.00036225285230679917,1.0842021724855045e-20
20,75,0.7,0.007077023771284718,0.03293966960185246,0.017559134860904723,6.938893903907229e-19
20,75,0.7,0.18364690311652554,1.7669896590988725,0.8477699889009667,1.3322676295501878e-16
20,75,0.7,1.4096480370156255,3.9035881315215275,2.75053585897291,8.881784197001253e-17
20,75,0.7,0.011966672389185806,0.2014540582730544,0.041348452473806405,0.0
20,75,0.7,0.15026666130550526,2.1684913009698907,1.0215977528840021,8.881784197001253e-17
20,75,0.7,0.7971082775607496,2.952607148531531,2.146667443823378,2.6645352591003756e-16
20,75,0.7,1.753307525029005,4.424294207126707,3.0138594621170585,2.220446049250313e-16
20,75,0.7,1.190618346956271,2.547699822389355,2.028757653635021,0.0
20,75,0.7,1.14970247036899,3.206195713296218,2.1816588898234697,8.881784197001253e-17
20,75,0.7,2.5110008087640385,3.902528890414232,3.149404539235489,8.881784197001253e-17
20,75,0.7,2.2710883981190517,4.66891567680813,3.42539955923693,5.329070518200751e-16
20,75,0.8,0.0005062248890053134,0.003608969868292622,0.0013942963859002512,8.673617379884036e-20
20,75,0.8,0.025772417807239822,0.09271546691950094,0.05343944049838223,0.0
20,75,0.8,0.16010423018842035,1.5093998989809383,0.5723514442430734,6.661338147750939e-17
20,75,0.8,0.9237583946237575,3.1775730830425855,2.03098570984836,2.6645352591003756e-16
20,75,0.8,0.0005756234788596437,0.02456300496632169,0.012070911693253894,3.4694469519536144e-19
20,75,0.8,0.0715612958830012,0.727522983362626,0.25039989197488816,1.1102230246251566e-17
20,75,0.8,0.2717483819422637,3.013712103020094,1.5900011058515353,1.3322676295501878e-16
20,75,0.8,0.33347537057893506,3.7743394212939063,2.513680358155104,1.7763568394002506e-16
20,75,0.8,0.0598816959203714,0.43141268827639623,0.27589356676156285,2.2204460492503132e-17
20,75,0.8,0.6657585989445036,2.7560429389680476,1.8004726381227516,1.7763568394002506e-16
20,75,0.8,0.8452250202491993,3.646189807218445,2.415431182061136,8.881784197001253e-17
20,75,0.8,2.394008124228226,4.168675053338472,3.325597809479073,3.108624468950438e-16
20,75,0.8,1.3656669675339796,3.5376952496490195,2.37657957151889,1.7763568394002506e-16
20,75,0.8,2.3082314749770814,3.5354453367446728,2.983398130168726,8.881784197001253e-17
20,75,0.8,1.3826306359924634,3.9117180002768106,3.0601232263218052,0.0
20,75,0.8,2.6061873216114937,4.480705784637543,3.543710642073637,1.7763568394002506e-16
20,75,0.9,0.019448526325785753,0.10672778272586614,0.05623848224295545,1.3877787807814458e-18
20,75,0.9,0.08519719465070752,2.0831972496359907,0.6290435717157112,1.3322676295501878e-16
20,75,0.9,0.24235609400896907,2.7554122694057566,1.525392551323249,0.0
20,75,0.9,2.205827521381203,3.140799265235558,2.7024513166591637,8.881784197001253e-17
20,75,0.9,0.04489261406206113,0.5260993390680899,0.32708873892982215,2.2204460492503132e-17
20,75,0.9,0.6754605309539596,2.5161097273710955,1.477953789428272,0.0
20,75,0.9,0.6273054681194314,3.4514851515979257,2.462960753741885,1.7763568394002506e-16
20,75,0.9,1.1691016268454644,3.5033021154351798,2.3025741062983367,1.7763568394002506e-16
20,75,0.9,1.1202497722669134,2.854331912762913,1.8517364412374548,0.0
20,75,0.9,0.3172481810460295,3.3742571239826593,2.19306383342464,8.881784197001253e-17
20,75,0.9,0.9533247007782326,3.837910589057494,2.6320118004368216,0.0
20,75,0.9,2.025561047965074,3.883010918732442,3.216085820711443,1.7763568394002506e-16
20,75,0.9,1.5012962295133794,3.091702577409276,2.392250365701652,8.881784197001253e-17
20,75,0.9,1.3173983371327087,3.8579059815132024,3.1315418674018978,1.7763568394002506e-16
20,75,0.9,1.376351606137487,3.80963282359215,2.986848086827564,8.881784197001253e-17
20,75,0.9,0.46363377686866913,5.660450172157244,3.952137153389682,2.220446049250313e-16
20,75,1.0,0.4703070223856689,2.5831072866924782,1.96595977287704,1.7763568394002506e-16
20,75,1.0,0.4862914481882794,3.322361430306611,2.1286150474255914,2.6645352591003756e-16
20,75,1.0,1.1705755730633247,3.328678213464084,2.6224894683362665,8.881784197001253e-17
20,75,1.0,1.3408715629894705,3.8053961238099636,2.780978642177358,0.0
20,75,1.0,0.2710385137300837,2.563006965375646,1.630938141983305,4.4408920985006264e-17
20,75,1.0,0.1314190567939737,2.586421779394034,1.8316161847742456,1.7763568394002506e-16
20,75,1.0,1.878694869156988,3.5697816142904135,2.8158155214308245,8.881784197001253e-17
20,75,1.0,2.650920306899725,4.556735941816427,3.6167358470697146,2.6645352591003756e-16
20,75,1.0,1.0268170599117323,2.78849983064929,2.075505094668279,8.881784197001253e-17
20,75,1.0,2.553802493989061,3.7317255639031406,3.096788368039813,8.881784197001253e-17
20,75,1.0,2.3022922660499003,4.069840133298914,3.1002407422285625,3.9968028886505636e-16
20,75,1.0,1.5684984189666378,4.276260755172938,3.239604273440615,1.3322676295501878e-16
20,75,1.0,2.551169495622841,3.919360880281087,3.1864253098558892,8.881784197001253e-17
20,75,1.0,1.2584808517744404,4.4354771219212985,3.318545080480452,1.7763568394002506e-16
20,75,1.0,1.681704746680556,5.174865317322176,3.7826158635797,2.6645352591003756e-16
20,75,1.0,3.0592832045970195,5.31268963297277,4.198961126579614,4.4408920985006264e-17
20,100,0.7,1.029128857688022e-07,7.378264830215642e-07,3.1673594067527235e-07,2.117582368135751e-23
20,100,0.7,5.315216192958161e-06,0.00012378896792997196,3.878302343354179e-05,0.0
20,100,0.7,0.0016603380978392757,0.04436038996082603,0.019549631015127477,6.938893903907229e-19
20,100,0.7,0.5649199857758416,2.6700852292251693,1.591572815229273,4.4408920985006264e-17
20,100,0.7,9.079145901313979e-06,5.470162967968761e-05,2.827170368293608e-05,1.3552527156068806e-21
20,100,0.7,0.00047726010390336526,0.011082175115195714,0.003267409907723451,0.0
20,100,0.7,0.057726872655760264,1.9579675621700265,0.7168746168474509,1.3322676295501878e-16
20,100,0.7,1.2887671804687995,2.9751325708480008,2.373061636554181,2.6645352591003756e-16
20,100,0.7,0.0007806207340164129,0.04064915268204716,0.0148791476920338,0.0
20,100,0.7,0.08958269258872464,1.3210745176337295,0.44441150210196445,1.1102230246251565e-16
20,100,0.7,0.361437181658371,2.991350022634141,1.9476601675020935,0.0
20,100,0.7,2.0703471158501228,3.7065235692591085,3.0238285554075803,2.6645352591003756e-16
20,100,0.7,0.3861879388700129,2.2737933467593305,1.103919780222983,0.0
20,100,0.7,1.418945083123575,3.310170123860868,2.457038709636258,8.881784197001253e-17
20,100,0.7,1.2004389088129455,3.716034728001756,2.5675554814828283,8.881784197001253e-17
20,100,0.7,2.046460222398846,3.804115383095191,3.2554913656978144,2.6645352591003756e-16
20,100,0.8,6.303913117067239e-05,0.00031695238890039334,0.00015576930504339613,1.0842021724855045e-20
20,100,0.8,0.0010097471860395224,0.015822137659232016,0.006246292946360388,3.4694469519536144e-19
20,100,0.8,0.07966594363170332,0.8077078533985866,0.3227348965682002,0.0
20,100,0.8,0.4431143971006759,2.9057604498617917,1.5607043781416619,0.0
20,100,0.8,0.0013828423712642923,0.007076418143743712,0.0033028026315247592,1.7347234759768072e-19
20,100,0.8,0.008037169955816825,0.20680827769421173,0.10393309211292498,5.551115123125783e-18
20,100,0.8,0.3755904648782473,2.6856223729145587,1.4107728167364548,1.3322676295501878e-16
20,100,0.8,0.48050668100723515,3.515829254947946,2.572103612190707,1.7763568394002506e-16
20,100,0.8,0.004062696543777111,0.7573022609606928,0.2602239292264096,2.2204460492503132e-17
20,100,0.8,0.7237322911447213,2.551507126758349,1.5935163961569525,1.3322676295501878e-16
20,100,0.8,0.37098033666266916,3.306301228112233,2.207956080524414,8.881784197001253e-17
20,100,0.8,1.3531982599266823,4.090803288445802,3.011213599669866,4.4408920985006264e-17
20,100,0.8,1.361482153683863,2.852310485532723,2.097010899856027,8.881784197001253e-17
20,100,0.8,1.9170239439077474,3.4151313040829057,2.674795738075083,1.7763568394002506e-16
20,100,0.8,0.886860346249247,3.6903504559943845,2.601003803037764,2.6645352591003756e-16
20,100,0.8,3.104739005718575,4.9254222601364255,3.8538451536369047,2.6645352591003756e-16
20,100,0.9,0.004202345977966093,0.07209331252334694,0.03213509394434135,1.3877787807814458e-18
20,100,0.9,0.07958574149578768,1.3116648134819724,0.5735210598636964,1.3322676295501878e-16
20,100,0.9,0.3989873035564462,2.6196539907670737,1.6065439816403024,1.3322676295501878e-16
20,100,0.9,2.3105498484520344,3.335804197294785,2.740652282848795,8.881784197001253e-17
20,100,0.9,0.06302719267959889,0.5726043019918667,0.237479741497381,1.1102230246251566e-17
20,100,0.9,0.37104477793038315,2.4023095630169,1.2398451990329769,4.4408920985006264e-17
20,100,0.9,0.5729558845960239,4.022954952003449,2.328985744125957,4.4408920985006264e-17
20,100,0.9,1.8112866516541293,3.5941774154137502,2.917464430030612,2.6645352591003756e-16
20,100,0.9,0.17738859523380457,2.7737915689505184,1.7265998032472283,4.4408920985006264e-17
20,100,0.9,0.3021102741591659,2.820988438604456,1.9475430775756077,8.881784197001253e-17
20,100,0.9,2.2403453532332347,3.490406299226074,2.8733097039796656,2.6645352591003756e-16
20,100,0.9,1.9320123339517647,4.185234446871625,3.2826670050535336,1.7763568394002506e-16
20,100,0.9,1.1069425227744891,3.329404929234642,2.298815064768122,2.6645352591003756e-16
20,100,0.9,2.362359668654318,3.569990901302749,3.0754123663237305,8.881784197001253e-17
20,100,0.9,1.094200271629426,4.043773763850499,2.999227813171129,1.3322676295501878e-16
20,100,0.9,1.5407924056197726,4.666111360975336,3.3746039087285977,5.329070518200751e-16
20,100,1.0,0.6328680212140978,2.1498081947733323,1.1446195399729326,8.881784197001253e-17
20,100,1.0,0.9486240681819962,2.987393228135947,2.1720468546396043,8.881784197001253e-17
20,100,1.0,0.5597693722458499,3.90329651470859,2.4554562089514924,8.881784197001253e-17
20,100,1.0,2.3597633721015474,3.6884416270592273,3.14116502409825,0.0
20,100,1.0,0.3559047345689206,2.716225755464404,1.8534139248569546,4.4408920985006264e-17
20,100,1.0,1.1714586398978786,3.109633828619384,2.217338324364357,1.7763568394002506e-16
20,100,1.0,2.298287398347043,3.4823350301390303,3.0248295759380364,8.881784197001253e-17
20,100,1.0,0.08486527678791989,3.6890997370166194,2.873892189628984,8.881784197001253e-17
20,100,1.0,1.577696685312255,3.497033856325022,2.675982907031249,1.7763568394002506e-16
20,100,1.0,0.974278727437238,3.6474081594799554,2.5081206834362466,0.0
20,100,1.0,1.310277130892484,4.15094308359533,3.049223412637775,5.329070518200751e-16
20,100,1.0,2.4376723681714663,4.519845113484919,3.7627760942766044,3.108624468950438e-16
20,100,1.0,1.4559602141450765,3.44658944203437,2.6017205902986276,1.7763568394002506e-16
20,100,1.0,2.449416374300402,4.132842748382107,3.1847971929276495,1.3322676295501878e-16
20,100,1.0,2.440318244072522,4.868986076455968,3.571110272997335,2.220446049250313e-16
20,100,1.0,2.5565510765117705,5.052809174245013,3.8433023316448343,1.7763568394002506e-16
20,125,0.7,2.533760312672939e-09,1.73002665526667e-08,9.385545940432394e-09,6.617444900424222e-25
20,125,0.7,7.636444760983352e-07,8.566972571788511e-06,4.388921884856956e-06,1.6940658945086008e-22
20,125,0.7,0.0008328479989434534,0.02050847345335116,0.0077424890407436385,0.0
20,125,0.7,0.8230398387525821,2.0886687779955015,1.4507533792148977,4.4408920985006264e-17
20,125,0.7,1.364296271511023e-07,3.0588494444039327e-06,1.4386072323624433e-06,8.470329472543004e-23
20,125,0.7,0.00013332869314597318,0.002842853824283953,0.0009437439947963533,0.0
20,125,0.7,0.19270201226410366,0.9978242367554384,0.5350970666902096,1.1102230246251565e-16
20,125,0.7,1.7241078198462465,3.1884985211176518,2.4867513759529807,8.881784197001253e-17
20,125,0.7,0.00048570847754492164,0.013950250073488935,0.0042454658053700635,0.0
20,125,0.7,0.062382405996690427,0.5014320711565721,0.2664597760571998,1.1102230246251566e-17
20,125,0.7,0.24344000791872178,3.162962313151827,1.7194438413833553,4.4408920985006264e-17
20,125,0.7,1.396691697943734,3.9422725225007764,2.7940006206179158,2.6645352591003756e-16
20,125,0.7,0.11898870670100736,2.0586922761011874,1.1973412883686592,1.3322676295501878e-16
20,125,0.7,0.988142479742653,2.8358758404846083,2.228458604180068,0.0
20,125,0.7,1.6162327077290297,3.463734359271623,2.5332867014611757,8.881784197001253e-17
20,125,0.7,2.6407604642916493,4.919001197790962,3.5526982788116954,2.6645352591003756e-16
20,125,0.8,9.511517348403942e-06,6.390446289517016e-05,2.578318324859552e-05,0.0
20,125,0.8,0.0003571096473504731,0.002986692545466685,0.0013347643156749634,4.336808689942018e-20
20,125,0.8,0.0545264973946229,0.49642716423733946,0.1772733727518852,1.1102230246251566e-17
20,125,0.8,0.6121866577623334,2.853568829464351,1.7495944947462039,1.3322676295501878e-16
20,125,0.8,0.00020206110582110526,0.002874543662052975,0.0009476131450800729,0.0
20,125,0.8,0.004802238281176319,0.22421495559991955,0.08271611807114931,0.0
20,125,0.8,0.30453937052554325,2.267994078785169,1.2294567541175898,4.4408920985006264e-17
20,125,0.8,0.9269224051449858,3.3993660485014066,2.6492603215340638,0.0
20,125,0.8,0.026956694084866673,0.35280064073102624,0.16332287238759421,5.551115123125783e-18
20,125,0.8,0.7911616555005279,2.2119186625342704,1.469982295630516,0.0
20,125,0.8,1.0940992187512149,3.1089270967557323,2.4369338349372383,2.6645352591003756e-16
20,125,0.8,1.6658773787304608,4.197355081692848,3.025263670128553,4.4408920985006264e-17
20,125,0.8,0.8498788764964726,3.104871045368036,2.144484337811074,0.0
20,125,0.8,0.4379588970048016,2.9516414841791456,2.0629996187639645,0.0
20,125,0.8,1.756012169048923,3.576716630790831,2.7262900900639,8.881784197001253e-17
20,125,0.8,1.4121053888089325,4.251805683786916,2.943370465815244,4.4408920985006264e-17
20,125,0.9,0.004879676092536034,0.07790218775742774,0.02323899778794365,0.0
20,125,0.9,0.06375951720676598,0.9158927919632665,0.3092723035993374,0.0
20,125,0.9,1.056942766204298,2.6566502588036376,1.9468428520844785,1.3322676295501878e-16
20,125,0.9,0.8893861939451537,3.259487745599387,2.5147071688482154,0.0
20,125,0.9,0.018575151057998784,0.35239076945147163,0.14445573929266303,1.1102230246251566e-17
20,125,0.9,0.5575808296338391,2.213514398749553,1.0698654288850478,4.4408920985006264e-17
20,125,0.9,0.7418888011248623,3.1402589169239694,2.278546504186981,0.0
20,125,0.9,0.22044593193997786,3.8097869750759945,2.8236696953231926,8.881784197001253e-17
20,125,0.9,0.2281407041011474,2.3342669604350097,0.9412911314548683,6.661338147750939e-17
20,125,0.9,0.7521032738023732,2.5111660899525003,2.022532852121399,8.881784197001253e-17
20,125,0.9,1.809332686668221,3.462788321890024,2.6695276731008555,8.881784197001253e-17
20,125,0.9,2.3324676767868806,4.063904081171991,3.059877933223843,1.3322676295501878e-16
20,125,0.9,0.5772299200868791,3.4222675843636776,2.459494209719307,8.881784197001253e-17
20,125,0.9,1.928021871901557,3.356590943338532,2.771720714335702,8.881784197001253e-17
20,125,0.9,2.07990314132848,3.775726229982905,2.762875847598129,1.7763568394002506e-16
20,125,0.9,2.440787670573482,4.673682723415244,3.4704553289623896,8.881784197001253e-17
20,125,1.0,0.28427017090856355,1.622306677094031,1.1093584517329418,1.3322676295501878e-16
20,125,1.0,0.6561022866935358,2.5417060302231396,1.6354135715761817,8.881784197001253e-17
20,125,1.0,1.7649305983161914,3.3822427641123025,2.5964213155367366,8.881784197001253e-17
20,125,1.0,2.4122642233716616,3.624617652233671,2.9089552145020114,8.881784197001253e-17
20,125,1.0,0.1825187983140144,2.663457316271803,1.3171138679580026,4.4408920985006264e-17
20,125,1.0,1.0563797822185106,3.3369215022768874,2.2241584484211403,8.881784197001253e-17
20,125,1.0,0.5796453823606957,3.120240408163714,2.3517490245792994,8.881784197001253e-17
20,125,1.0,2.6484749571840784,4.1105766661646435,3.4978338296271807,2.220446049250313e-16
20,125,1.0,1.866157133224878,3.0891439527657245,2.5942427103848953,8.881784197001253e-17
20,125,1.0,0.7212368152510042,3.615132620047785,2.0133102105868024,0.0
20,125,1.0,0.9083141613944652,3.645253553339981,2.726271118125617,0.0
20,125,1.0,2.0674669550788782,4.868967260611665,3.3738359247735645,1.7763568394002506e-16
20,125,1.0,2.022319079734587,3.8989942285816146,2.603499456711517,8.881784197001253e-17
20,125,1.0,0.6273356869571107,3.4153399992454934,2.5847425210638493,8.881784197001253e-17
20,125,1.0,1.7239242780078716,4.402759853681683,3.4703118700658835,1.7763568394002506e-16
20,125,1.0,2.1853805888367543,4.446138242437964,3.2776036209867714,1.3322676295501878e-16
30,50,0.7,0.00019009011601456294,0.0013586054676442139,0.0005466325153013152,2.168404344971009e-20
30,50,0.7,0.002680998151337821,0.019157526000860958,0.008047752401211116,3.4694469519536144e-19
30,50,0.7,0.020108833051179165,0.2655433796572919,0.15288021867209708,5.551115123125783e-18
30,50,0.7,0.6151786811385702,2.94799275973546,1.297920798024138,4.4408920985006264e-17
30,50,0.7,0.001240345342754967,0.006556446935217952,0.003584876694953909,8.673617379884036e-20
30,50,0.7,0.020272990490326936,0.13351664702631583,0.06498366924581064,5.551115123125783e-18
30,50,0.7,0.08523549495387472,2.568929555896347,1.3211766372181366,4.4408920985006264e-17
30,50,0.7,0.6134940038446683,2.9292805431600724,2.050693809463146,8.881784197001253e-17
30,50,0.7,0.01869341928177848,0.1866938850881117,0.08422851271432323,2.7755575615628915e-18
30,50,0.7,0.07847646323991642,1.6104756083074574,0.8902474028439166,6.661338147750939e-17
30,50,0.7,0.41215858301869845,3.6704567652149973,2.1658477799179874,8.881784197001253e-17
30,50,0.7,0.4521527607872291,4.2808187567409846,3.0668935574661083,1.7763568394002506e-16
30,50,0.7,0.06293783482650328,2.01992276259589,1.1880287250373491,1.3322676295501878e-16
30,50,0.7,0.905120859806559,3.2755057332932798,2.0947737779692517,8.881784197001253e-17
30,50,0.7,2.550862054335124,3.8403574282662416,3.1535104832621417,1.7763568394002506e-16
30,50,0.7,2.426726093598394,3.86092913478894,3.1732388120295547,0.0
30,50,0.8,0.001683676440503934,0.014018910524516759,0.008984253706198065,3.4694469519536144e-19
30,50,0.8,0.011416308009732479,0.20068246979488835,0.07196611441104758,5.551115123125783e-18
30,50,0.8,0.12163037762823636,2.2292405399714466,0.7861969821828183,4.4408920985006264e-17
30,50,0.8,0.4937548882989842,2.9744341862392933,1.9410402002922198,0.0
30,50,0.8,0.004742052668206487,0.062196559657963224,0.02945357755836726,6.938893903907229e-19
30,50,0.8,0.03851503488322594,0.4901724491399837,0.24175745947615335,0.0
30,50,0.8,0.13312362445985615,2.584348683794698,1.5031314175825918,1.7763568394002506e-16
30,50,0.8,1.2773400308561311,3.853519702421178,2.664861531755931,8.881784197001253e-17
30,50,0.8,0.11023947206105733,1.6152203723301715,0.503709755200634,1.3322676295501878e-16
30,50,0.8,0.6577296869569271,2.7361554491107793,1.8386946616243331,1.3322676295501878e-16
30,50,0.8,0.6177116983282933,3.013873617706825,2.0290123542523104,1.7763568394002506e-16
30,50,0.8,2.6626009295386557,4.38342342987605,3.386090951741,4.4408920985006264e-17
30,50,0.8,0.24330445472891116,2.899539720746628,1.9555541560118033,1.7763568394002506e-16
30,50,0.8,2.345882276912491,3.716313319380117,2.93904038903315,8.881784197001253e-17
30,50,0.8,0.6231489216081418,4.385553745015557,2.9181190735977767,1.7763568394002506e-16
30,50,0.8,1.6161232627334212,4.687645744454727,3.616560831139094,4.440892098500626e-16
30,50,0.9,0.03783293597415538,0.25707911071270617,0.10674144053340173,0.0
30,50,0.9,0.19530670667327543,2.3252873792682007,0.8696709919247254,1.3322676295501878e-16
30,50,0.9,1.6679382030662215,2.7191429962103055,2.194223261018249,8.881784197001253e-17
30,50,0.9,1.7263749690214643,3.478290588080157,2.5954825394886805,0.0
30,50,0.9,0.10316667405535584,1.1650521294623357,0.7021136344171627,6.661338147750939e-17
30,50,0.9,0.47530793320352105,2.94189660207897,1.6134985659699672,1.7763568394002506e-16
30,50,0.9,0.5764718401525077,3.1051284036339237,2.340738256990469,8.881784197001253e-17
30,50,0.9,2.336173996544748,3.8317233657568726,3.155844905537175,8.881784197001253e-17
30,50,0.9,0.6468164662792621,2.4745294084007523,1.372018245417507,1.7763568394002506e-16
30,50,0.9,1.0020813561692035,3.1002054048693855,2.175689762818133,0.0
30,50,0.9,0.2097388783150227,3.0560621843893476,2.2275248808048724,8.881784197001253e-17
30,50,0.9,3.190588137416278,4.360881386076656,3.514675302106512,1.3322676295501878e-16
30,50,0.9,1.6498184805157021,3.5264612095738532,2.725196440305919,0.0
30,50,0.9,1.191172312975905,4.159142932828228,2.708763383626409,2.220446049250313e-16
30,50,0.9,2.0954441408521025,4.9980735003267505,3.344834184817576,4.884981308350689e-16
30,50,0.9,2.8127573917590145,4.204507102279596,3.378375828609401,2.220446049250313e-16
30,50,1.0,0.580253356164413,2.6672925512043872,1.266056432371339,1.7763568394002506e-16
30,50,1.0,1.3253582855143695,2.9003371362788433,2.2188942759457153,0.0
30,50,1.0,0.2670869814891046,3.459893762199766,2.2768550899394002,8.881784197001253e-17
30,50,1.0,1.6845618416872807,3.7894967197022678,3.0153419813856566,8.881784197001253e-17
30,50,1.0,0.3803407789368696,2.8436146783964564,1.9386846275081724,0.0
30,50,1.0,0.4870036543637828,3.2936115826575336,2.383462627368354,1.7763568394002506e-16
30,50,1.0,1.9452671568935327,3.331311320439252,2.8073719760059115,2.6645352591003756e-16
30,50,1.0,2.5042754235534628,3.980334400914526,3.3848520680407885,8.881784197001253e-17
30,50,1.0,1.0667915038284623,3.0729215311821148,2.491012502744631,1.7763568394002506e-16
30,50,1.0,1.4695885824542008,3.438589188166422,2.6636033118170777,0.0
30,50,1.0,0.6464356802656721,4.134533335734311,2.966360866007326,4.4408920985006264e-17
30,50,1.0,2.6457800781406395,4.603037480286563,3.7287034715669165,8.881784197001253e-17
30,50,1.0,0.9880758096851392,3.621676121991055,2.6527588475025894,8.881784197001253e-17
30,50,1.0,0.939526967407414,3.61746209485429,2.6258798168629456,8.881784197001253e-17
30,50,1.0,2.380969432038832,4.1926920002173595,3.23275540058228,4.4408920985006264e-17
30,50,1.0,3.276886337459342,5.643731692238379,4.02416127645211,8.881784197001253e-17
30,75,0.7,1.286067281558445e-06,1.0986853670846841e-05,6.551465633197751e-06,3.3881317890172015e-22
30,75,0.7,4.203487334253353e-05,0.0008103975320250534,0.00039516639372374487,2.168404344971009e-20
30,75,0.7,0.009518687324046926,0.11767196986598494,0.051308841078978505,6.938893903907229e-19
30,75,0.7,0.19950996172402968,2.223366724594595,1.0975569046164229,4.4408920985006264e-17
30,75,0.7,4.346004524480307e-05,0.0003740947640094028,0.00019276060276185447,0.0
30,75,0.7,0.003029122700191511,0.04304785608649597,0.01641502184179595,6.938893903907229e-19
30,75,0.7,0.29251215332544733,1.2052633755839648,0.4889037205826391,6.661338147750939e-17
30,75,0.7,1.2783691100116674,3.3450555537583786,2.4074546182097043,2.6645352591003756e-16
30,75,0.7,0.0022766679108952026,0.04692406947652161,0.022850443925065723,1.3877787807814458e-18
30,75,0.7,0.0717971450929551,1.6686257519077157,0.7675418162980676,1.3322676295501878e-16
30,75,0.7,1.0230135900218191,2.9107776082554015,2.328298155717873,0.0
30,75,0.7,2.2140874173637717,3.7598479750925056,2.9708605933903254,8.881784197001253e-17
30,75,0.7,0.17777203338932823,2.414000816338451,1.3131087809535493,1.3322676295501878e-16
30,75,0.7,1.3519447705088479,2.8996182009626783,2.258620615425903,0.0
30,75,0.7,0.2960964754057156,3.691374101043593,2.6239197385595525,0.0
30,75,0.7,2.2463215918768573,4.205807019474783,3.3182533620510286,1.7763568394002506e-16
30,75,0.8,0.00015635312745176932,0.00140739344514218,0.0007437116245154307,4.336808689942018e-20
30,75,0.8,0.006405671290565795,0.02485792625446992,0.013505426415487864,6.938893903907229e-19
30,75,0.8,0.03788497890288811,0.7660967805073366,0.32696734077800976,1.1102230246251566e-17
30,75,0.8,1.082380977684125,2.697630768486573,1.9079637492348787,1.7763568394002506e-16
30,75,0.8,0.001034295734897217,0.019286812516452034,0.00707994417567166,0.0
30,75,0.8,0.010695243417849998,0.4913087587502365,0.17945101667333258,1.1102230246251566e-17
30,75,0.8,0.17588733687836156,2.4523893300094994,1.3975160751310924,0.0
30,75,0.8,1.3064301098541553,3.8819514336922016,2.5020086204151126,1.7763568394002506e-16
30,75,0.8,0.058414972218269856,0.5756810743898417,0.24459389667634754,5.551115123125783e-18
30,75,0.8,0.6139969026604004,2.174756332624231,1.5403637122772422,1.7763568394002506e-16
30,75,0.8,1.2570031100051264,3.0411164639825476,2.4685028726684717,8.881784197001253e-17
30,75,0.8,1.9799177185562091,4.503519071774704,3.1574080694152977,5.773159728050814e-16
30,75,0.8,1.2337966848714612,2.7334584920823315,2.0748222419293905,2.6645352591003756e-16
30,75,0.8,1.1061875983135718,2.8677473478763855,2.2083922362353756,1.7763568394002506e-16
30,75,0.8,1.2657743985092087,3.8280114626445187,3.112673895678845,2.6645352591003756e-16
30,75,0.8,1.4079183526126795,4.281267269644935,3.2636805326251412,4.4408920985006264e-17
30,75,0.9,0.022922132737676737,0.11074748583888239,0.0559687720128168,0.0
30,75,0.9,0.08826264037844256,0.6013756058182342,0.28606596005135654,2.2204460492503132e-17
30,75,0.9,0.7230647152088321,2.5415912510207304,1.6815059676124284,1.7763568394002506e-16
30,75,0.9,1.3192876806269784,3.4463492927158907,2.53527668179537,8.881784197001253e-17
30,75,0.9,0.015047382004578669,0.9773095480062293,0.41497990377582933,1.1102230246251566e-17
30,75,0.9,0.15485627472940822,2.4044027653695292,1.2533161787434075,8.881784197001253e-17
30,75,0.9,1.1994627979225752,3.141710335008469,2.210220250157377,8.881784197001253e-17
30,75,0.9,0.6155794630077875,3.591876462480443,2.2194856747930145,1.7763568394002506e-16
30,75,0.9,0.6247702524461762,2.5729127040272286,1.670421087645804,1.7763568394002506e-16
30,75,0.9,0.9886188568802727,3.507125670795045,2.064451493193039,0.0
30,75,0.9,0.9132661415382093,4.065637692412228,2.381806829912292,2.220446049250313e-16
30,75,0.9,2.6288997925272004,4.447432896956808,3.5387780276091143,4.4408920985006264e-17
30,75,0.9,1.679938767276337,3.0710267077253808,2.4885138805768747,8.881784197001253e-17
30,75,0.9,0.7670370256959314,3.7336526882837515,2.6745489568761154,1.7763568394002506e-16
30,75,0.9,1.303395007979582,3.938700490524614,2.9219548118333334,2.6645352591003756e-16
30,75,0.9,2.346749547097503,4.510050387791008,3.1948537906600976,3.9968028886505636e-16
30,75,1.0,1.164326348464567,2.2842234624332005,1.7240282167937195,8.881784197001253e-17
30,75,1.0,0.8970803461388823,2.6141085882688135,1.970045910785713,0.0
30,75,1.0,1.7477863396820799,3.6025148560537734,2.6945443726441405,0.0
30,75,1.0,2.4164103593877617,3.7100152748206274,3.095495063230854,2.6645352591003756e-16
30,75,1.0,0.25190240395657115,3.083244633637094,1.7665939239343988,4.4408920985006264e-17
30,75,1.0,0.6960622088040904,2.956911071200967,1.9152148050697968,0.0
30,75,1.0,1.4236077445092659,3.6717858069649982,2.7169550665407476,2.6645352591003756e-16
30,75,1.0,1.6277954494793652,3.9867560783252682,2.7440772165374665,0.0
30,75,1.0,0.5761168002596375,3.2052645304560667,1.9917408924422353,1.7763568394002506e-16
30,75,1.0,1.3079447506641313,3.5863669230785296,2.538198690454112,2.6645352591003756e-16
30,75,1.0,2.1129446220360966,4.019169334297132,3.0568723617377693,4.4408920985006264e-17
30,75,1.0,0.7190117748186968,4.125825438184872,2.868820393572184,4.4408920985006264e-17
30,75,1.0,0.3840951297792974,3.596877801615346,2.601313367661426,8.881784197001253e-17
30,75,1.0,2.08327120249129,3.7949809392253973,2.9074839039618015,8.881784197001253e-17
30,75,1.0,2.471038189050802,4.698814909143209,3.320767612092439,3.552713678800501e-16
30,75,1.0,2.7313387815578527,5.009954866995894,3.5803738762893245,1.3322676295501878e-16
30,100,0.7,4.2266794952894315e-08,5.516669081551129e-07,1.5439851610565825e-07,0.0
30,100,0.7,1.4282516894059682e-05,9.433268952152574e-05,3.9109720696561824e-05,1.3552527156068806e-21
30,100,0.7,0.0019753372516331247,0.06464077331946116,0.018627891246826157,1.3877787807814458e-18
30,100,0.7,0.3673078609267333,1.4904061680610785,0.843932019022511,1.3322676295501878e-16
30,100,0.7,5.196441844379507e-06,1.5145864790344632e-05,9.696103658374256e-06,6.776263578034403e-22
30,100,0.7,0.00019198390700525536,0.00854737178877274,0.0028240852430553966,1.7347234759768072e-19
30,100,0.7,0.05310358487743061,0.8765671781544353,0.4512528210197949,1.1102230246251565e-16
30,100,0.7,0.1671737848560011,3.044111659870229,1.8125304297072642,8.881784197001253e-17
30,100,0.7,0.0037620538936846692,0.05677493883479956,0.0153017325299591,0.0
30,100,0.7,0.11769501369747504,0.789730909782087,0.39450381272476853,2.2204460492503132e-17
30,100,0.7,0.9687201186846619,2.504773586056882,1.89591119519858,4.4408920985006264e-17
30,100,0.7,0.7631496077699542,3.1379152599943656,2.3741973194387107,8.881784197001253e-17
30,100,0.7,0.17734317375503794,2.3293512093780753,0.7089176864268157,8.881784197001253e-17
30,100,0.7,1.802563331118503,2.8771111150976876,2.383614151576311,2.6645352591003756e-16
30,100,0.7,0.9820805113680433,3.6022943613557783,2.677792832599658,2.6645352591003756e-16
30,100,0.7,0.8809600993685511,4.185205649898602,2.9234449411547407,1.3322676295501878e-16
30,100,0.8,1.861953769521918e-05,0.00021618757829644508,8.279412096010575e-05,5.4210108624275225e-21
30,100,0.8,0.0006194835625987771,0.010896973313159197,0.0035284504302958374,0.0
30,100,0.8,0.055946782560458264,0.3877436316790761,0.19235916905207812,1.1102230246251566e-17
30,100,0.8,1.0391853696434592,2.727256259573313,1.8529155455899602,8.881784197001253e-17
30,100,0.8,0.0007570647022387966,0.010097167861168987,0.002793580180944577,0.0
30,100,0.8,0.01742514481202706,0.13939630132336278,0.07174235845824742,5.551115123125783e-18
30,100,0.8,0.4684575135525084,2.175635929181962,1.162111274456087,1.7763568394002506e-16
30,100,0.8,1.6022244200344784,2.983272263862706,2.3103138648266306,8.881784197001253e-17
30,100,0.8,0.019095926984441736,0.7480674459236138,0.24499021655960193,0.0
30,100,0.8,0.3021875719892759,2.437947390410191,1.3308729770495684,1.3322676295501878e-16
30,100,0.8,1.5989650495190237,3.033338025924128,2.30833404588326,8.881784197001253e-17
30,100,0.8,1.277746399196062,3.444424795453053,2.7046612649874024,8.881784197001253e-17
30,100,0.8,1.087398541900804,2.806862434451816,1.9284357181862597,0.0
30,100,0.8,1.0619292320756384,3.2192739853199623,2.3199446534240944,1.7763568394002506e-16
30,100,0.8,1.338886897951053,3.6422762567717766,2.579998549676852,0.0
30,100,0.8,2.3533162414945115,4.229327695890834,3.293520978312686,2.220446049250313e-16
30,100,0.9,0.016368240935730416,0.07599198152894049,0.03297721314479292,2.7755575615628915e-18
30,100,0.9,0.035769525291489135,0.5879504707679328,0.25731509415404374,2.2204460492503132e-17
30,100,0.9,0.7663847563024366,2.453224012183331,1.6361524782175825,0.0
30,100,0.9,1.24969151328628,3.385725206597748,2.417641701860055,2.6645352591003756e-16
30,100,0.9,0.021719536203886225,0.3592646942991107,0.13548481762172218,5.551115123125783e-18
30,100,0.9,0.17030485675685414,2.388487212097179,1.0043260661457456,8.881784197001253e-17
30,100,0.9,1.2318807013777868,2.8495111290273205,2.373192472451208,1.7763568394002506e-16
30,100,0.9,0.4961662468318093,3.8451756922833664,2.610291372992654,8.881784197001253e-17
30,100,0.9,0.963378908757218,2.4809993737283915,1.5576927880680693,0.0
30,100,0.9,0.6515339775155238,2.891764407955787,2.006067104746302,8.881784197001253e-17
30,100,0.9,1.0237623456369858,3.1645799693648624,2.4811072179129665,8.881784197001253e-17
30,100,0.9,2.142946294584633,3.707638376953256,2.9581754302110337,8.881784197001253e-17
30,100,0.9,0.34974487375137686,2.589312518413355,1.6309016917281292,0.0
30,100,0.9,1.4462601031359097,3.4461817931900005,2.4564982952080134,8.881784197001253e-17
30,100,0.9,0.9136557586272827,3.7438608334748413,2.803145683997954,8.881784197001253e-17
30,100,0.9,2.4744837469446037,4.337724163798015,3.3056540166390063,5.773159728050814e-16
30,100,1.0,0.40594982452054795,2.4578460298676004,1.1517770707769448,0.0
30,100,1.0,1.1461456868283233,2.643488570762653,2.046433006024021,8.881784197001253e-17
30,100,1.0,1.0106596513506116,3.163603946636638,2.3215158603181383,8.881784197001253e-17
30,100,1.0,1.3297530268639588,3.5723423018143206,2.589010908508559,8.881784197001253e-17
30,100,1.0,0.2503632325909284,2.225925698410905,1.1237680468116555,0.0
30,100,1.0,0.9295655181658593,2.850119804207083,1.9086936930043805,8.881784197001253e-17
30,100,1.0,1.1719904734108515,3.8159719166068666,2.474033476291808,8.881784197001253e-17
30,100,1.0,1.1389829755911873,3.7397637824066448,2.727125588715116,8.881784197001253e-17
30,100,1.0,0.8419627612082938,3.0378103967747383,2.1444031972586397,1.7763568394002506e-16
30,100,1.0,1.530876733632184,3.318436646263351,2.6819282396890243,8.881784197001253e-17
30,100,1.0,0.7353745393248272,3.7824583843355915,2.4825976447046876,1.7763568394002506e-16
30,100,1.0,1.4368591314684172,4.596784123080653,3.174351421484715,4.440892098500626e-16
30,100,1.0,1.612572406804873,3.093308200771624,2.569762088854972,8.881784197001253e-17
30,100,1.0,1.1650780516574426,3.5207731917424536,2.7368552127639494,0.0
30,100,1.0,1.099155893849137,4.456196286428664,2.9887652133052605,4.4408920985006264e-17
30,100,1.0,1.5683653239652036,4.579929618406268,3.6672150650941724,3.108624468950438e-16
30,125,0.7,1.028187757157184e-09,1.0755745183388399e-08,4.781340923187827e-09,1.6543612251060554e-25
30,125,0.7,5.409800434286183e-07,6.4671039976538225e-06,2.9131264029480517e-06,1.6940658945086008e-22
30,125,0.7,0.0017765122052897375,0.009833820059910625,0.005377259550281099,3.4694469519536144e-19
30,125,0.7,0.22715998174392782,2.4531782478326787,1.2782121969971143,1.3322676295501878e-16
30,125,0.7,2.0619790364051482e-07,1.7488211025984413e-06,7.168426493286973e-07,0.0
30,125,0.7,0.00012899118709386315,0.0010388380282226883,0.0004982510750306979,4.336808689942018e-20
30,125,0.7,0.06871576262654999,1.3179884666351218,0.31017382993581294,0.0
30,125,0.7,0.7640817877110284,2.998292980032599,1.6272363102962284,1.3322676295501878e-16
30,125,0.7,0.0001441756228044433,0.006710502838061405,0.002407350086831972,1.7347234759768072e-19
30,125,0.7,0.05846671552629745,0.7335801685044783,0.27920836246296626,1.1102230246251566e-17
30,125,0.7,1.304605781313477,2.4768267406491664,1.8593045440094607,4.4408920985006264e-17
30,125,0.7,2.0146366025606466,3.2250693440538325,2.6163321432351414,0.0
30,125,0.7,0.22949134262462723,1.0296860464255535,0.6378340668261103,6.661338147750939e-17
30,125,0.7,1.0366321275691246,2.981005435220912,2.038102304703341,2.6645352591003756e-16
30,125,0.7,1.6386189805104974,3.9451492716236207,2.560248931018827,2.6645352591003756e-16
30,125,0.7,2.2996991693314794,3.791705591239318,3.237659463024799,8.881784197001253e-17
30,125,0.8,3.298930803641298e-06,2.5087329984518902e-05,1.2459571596412645e-05,6.776263578034403e-22
30,125,0.8,0.00015921161763587932,0.004765685480184079,0.0021280475417410293,8.673617379884036e-20
30,125,0.8,0.057110238822009496,0.4484652186673519,0.2402623786620972,0.0
30,125,0.8,0.4162200886669507,2.484131124183087,1.6723980079824674,8.881784197001253e-17
30,125,0.8,0.0003010590705518901,0.0016490934853092831,0.0007875551712761997,4.336808689942018e-20
30,125,0.8,0.013615374262784474,0.06672937956732783,0.029715099539278443,1.3877787807814458e-18
30,125,0.8,0.09615123335678222,1.5312712670108515,0.9233276231107748,1.3322676295501878e-16
30,125,0.8,0.47970612954630143,2.8912637936032834,2.100060983012108,8.881784197001253e-17
30,125,0.8,0.016795956588261607,0.27262812800899683,0.07768616121695233,0.0
30,125,0.8,0.48725200786741185,2.3499266670665446,1.1755255311704076,8.881784197001253e-17
30,125,0.8,0.5061398387798453,3.5368723507143227,2.232946821404989,0.0
30,125,0.8,1.6516229301367535,3.076813918164675,2.539593087894923,1.7763568394002506e-16
30,125,0.8,0.19801642228207728,2.653628367095845,1.2306100561249238,8.881784197001253e-17
30,125,0.8,0.532143774070637,3.2240778509103802,2.4138080616963453,8.881784197001253e-17
30,125,0.8,1.723862801766391,3.326453625111452,2.6465687405805323,8.881784197001253e-17
30,125,0.8,2.1092971487741967,3.9584187352068665,3.0381277282109522,8.881784197001253e-17
30,125,0.9,0.003983677453011314,0.034906898514432516,0.013471286248537684,3.4694469519536144e-19
30,125,0.9,0.040082914851897744,0.5616310488210172,0.22542768045538547,1.1102230246251566e-17
30,125,0.9,0.7064441184411021,2.462368279178993,1.4492068587595948,1.7763568394002506e-16
30,125,0.9,1.1439539484594943,3.1851398342448687,2.3979792932893735,2.6645352591003756e-16
30,125,0.9,0.019292774163798487,0.32395423406623935,0.14480217944782908,1.1102230246251566e-17
30,125,0.9,0.027110092372904848,1.805095084241629,0.7936277064499471,1.3322676295501878e-16
30,125,0.9,0.657573538694646,2.4089466548066842,1.7084606843901604,4.4408920985006264e-17
30,125,0.9,0.3588276789924483,3.245986522588258,2.5812566682830824,0.0
30,125,0.9,0.46239583712278476,2.222546486697578,1.0570985483688653,0.0
30,125,0.9,1.0738284093477515,2.6378649289555374,1.8310954335666474,0.0
30,125,0.9,1.2331861383334553,3.4365166547788246,2.4102624989174353,0.0
30,125,0.9,1.2491799492043936,3.5862682198163474,2.685041610425836,8.881784197001253e-17
30,125,0.9,0.18452192137460388,2.916633206444907,1.7110926054568147,0.0
30,125,0.9,0.4779083051794797,3.2217991215225834,2.2415847936255,2.6645352591003756e-16
30,125,0.9,0.6755840725178754,3.6060993085480146,2.462824057000512,8.881784197001253e-17
30,125,0.9,2.222179919158585,3.9106341257497843,3.1575894995131293,8.881784197001253e-17
30,125,1.0,0.16724581949646522,1.683884543936721,0.8123586845137322,6.661338147750939e-17
30,125,1.0,0.5557574992160181,2.4632950721636004,1.5049409618912244,0.0
30,125,1.0,1.3756458866928125,2.898824082907812,2.30370913713654,8.881784197001253e-17
30,125,1.0,1.6759990895057801,3.7145679588169185,2.819535912546735,8.881784197001253e-17
30,125,1.0,0.5883031694521645,2.906362587889611,1.5811985670065916,8.881784197001253e-17
30,125,1.0,0.9670992237145808,2.774111583501924,2.0215641359458774,2.6645352591003756e-16
30,125,1.0,1.7251807386886964,3.507019968350456,2.664997309218356,0.0
30,125,1.0,2.057679920240027,3.9423484480116717,3.1272436922396203,8.881784197001253e-17
30,125,1.0,1.0270692927088132,3.142620040043799,2.2183369114060243,2.6645352591003756e-16
30,125,1.0,0.991574045724843,3.3613946389904936,2.458469740573849,0.0
30,125,1.0,1.2285778930507942,3.62261420165417,2.5521715464193644,8.881784197001253e-17
30,125,1.0,2.5333773233950265,3.7248145576937692,3.18307785216886,2.6645352591003756e-16
30,125,1.0,2.0260472719664873,3.2786385087225054,2.74973571673742,2.6645352591003756e-16
30,125,1.0,0.8055709941845817,3.4014802873294525,2.5269216690877467,8.881784197001253e-17
30,125,1.0,2.376392397827694,3.6960318628194924,3.0229070012796933,0.0
30,125,1.0,2.2999427904486933,4.291407988277335,3.359182622963325,4.884981308350689e-16
40,50,0.7,7.564497280698745e-05,0.0006193304200228233,0.00030815462516295964,2.168404344971009e-20
40,50,0.7,0.0009496189696247548,0.015185240237727715,0.005669566578360108,8.673617379884036e-20
40,50,0.7,0.021068008672671557,0.22354955557546008,0.10069313468961534,2.7755575615628915e-18
40,50,0.7,0.6135826698310365,3.2840790743141466,1.388498200118402,8.881784197001253e-17
40,50,0.7,0.0013923955224943718,0.0058954666146253665,0.00360108021552259,1.7347234759768072e-19
40,50,0.7,0.02508059491295045,0.13256926390890245,0.06343085563972303,5.551115123125783e-18
40,50,0.7,0.10160952909621601,1.7829719114398874,0.659419586216399,4.4408920985006264e-17
40,50,0.7,1.049071210686631,2.729128387803215,1.8974343803022697,1.7763568394002506e-16
40,50,0.7,0.007794143866779013,0.13039676584614002,0.053872313316153345,2.7755575615628915e-18
40,50,0.7,0.23352279222266192,1.758210088812199,0.7817218449796741,4.4408920985006264e-17
40,50,0.7,1.2397748241545377,3.291359694875578,2.0179094446602237,8.881784197001253e-17
40,50,0.7,0.7009533489453408,3.7585234023535645,2.564079502094347,8.881784197001253e-17
40,50,0.7,0.23173142765463028,2.1807415583195042,1.0401404450064369,1.3322676295501878e-16
40,50,0.7,1.3056834417375183,3.324837045815674,2.4833326569971557,1.7763568394002506e-16
40,50,0.7,2.1557407001568234,3.662539801030079,2.8685754149556257,0.0
40,50,0.7,2.3143067784869022,4.137441949231199,3.1127471488778706,3.552713678800501e-16
40,50,0.8,0.0037910111005499125,0.019078446120684323,0.00762170611348596,0.0
40,50,0.8,0.030322829312666943,0.1412211817324871,0.06336846649352852,2.7755575615628915e-18
40,50,0.8,0.09525856847331626,1.1088859080896403,0.6808032761059127,1.1102230246251565e-16
40,50,0.8,0.5223133293018205,2.798431043075244,2.079575808078053,0.0
40,50,0.8,0.01682912088349342,0.06360866606652893,0.03493606560995639,2.7755575615628915e-18
40,50,0.8,0.12830396651964948,0.8790668654534142,0.28634063475133625,0.0
40,50,0.8,0.4623331987185968,2.8962187780230306,1.7302301713916435,1.3322676295501878e-16
40,50,0.8,1.2016762289162206,3.321109751686276,2.530295528523175,8.881784197001253e-17
40,50,0.8,0.16537370435835586,0.962648641425464,0.5545093335512661,8.881784197001253e-17
40,50,0.8,0.20847163634520927,2.4731792507394954,1.4011930039830787,1.3322676295501878e-16
40,50,0.8,0.9511893839835435,3.4875403192923184,2.4977963110150925,0.0
40,50,0.8,1.143794905465786,4.2926306671913075,2.918853920185327,1.3322676295501878e-16
40,50,0.8,0.5827680102787665,2.370070366896407,1.5675365872030522,4.4408920985006264e-17
40,50,0.8,0.7942509842785097,3.1400007179156764,2.4798982351138594,8.881784197001253e-17
40,50,0.8,2.1852863955615693,3.843605715068563,3.137081268271242,8.881784197001253e-17
40,50,0.8,2.0925480119080686,4.3671694206155145,3.406292827424185,4.4408920985006264e-17
40,50,0.9,0.07848817129076524,0.2587286237735573,0.1678889099701725,5.551115123125783e-18
40,50,0.9,0.10048992276084379,1.2746930457077572,0.6979128506781699,6.661338147750939e-17
40,50,0.9,0.9353083933663418,2.1841806748459622,1.543827686085363,8.881784197001253e-17
40,50,0.9,0.3508297659146966,3.598201178461395,2.518779809893474,0.0
40,50,0.9,0.022706242813811617,1.0522655645256802,0.31357032524722656,0.0
40,50,0.9,0.3582941291754733,1.9095988468264733,1.0568941292182576,0.0
40,50,0.9,1.891939371988482,2.994981237428583,2.4087724643308825,0.0
40,50,0.9,1.5469160426843662,3.636551152955676,2.9493858626590765,0.0
40,50,0.9,0.3133621901657553,2.334904789372843,1.1607967142086708,0.0
40,50,0.9,0.5417420585589068,3.1808434628335047,2.034478315779073,8.881784197001253e-17
40,50,0.9,1.4636418457294131,3.654160033645376,2.8670018140113323,8.881784197001253e-17
40,50,0.9,2.8504200373282527,4.541828742487628,3.2196342522207027,4.4408920985006264e-17
40,50,0.9,0.5019942746772448,2.9400440763736957,1.6438844087018758,8.881784197001253e-17
40,50,0.9,1.679170451163611,3.46308809547033,2.606801109028691,8.881784197001253e-17
40,50,0.9,0.6491544266755125,3.8883789988630117,2.7341610532646685,8.881784197001253e-17
40,50,0.9,1.3228387211016295,4.742662498078129,3.4340081270250025,4.4408920985006264e-17
40,50,1.0,0.18039395691737825,2.415806833621286,1.3746274024946743,8.881784197001253e-17
40,50,1.0,0.5129745336819131,2.755026888299963,2.0275862139100083,2.6645352591003756e-16
40,50,1.0,0.42776191894669013,3.6823718063004383,2.4489870547470782,1.7763568394002506e-16
40,50,1.0,0.961800941252243,3.51971577293298,2.5104133150197385,0.0
40,50,1.0,0.8786550836329678,2.5236994480783186,1.8233288819933784,0.0
40,50,1.0,0.8660398981119184,3.3819241817867973,2.095343024295009,0.0
40,50,1.0,2.303557421552807,3.6182324032262767,2.7738177880312116,0.0
40,50,1.0,1.8754378632362685,4.36105187339475,3.0828126821851347,1.3322676295501878e-16
40,50,1.0,0.7833773523151959,2.3950460404470424,1.7038078522922067,1.3322676295501878e-16
40,50,1.0,2.0557725328965657,3.582222209029592,2.6042097116900775,8.881784197001253e-17
40,50,1.0,1.7542044474045402,3.4450456247972956,2.9259103431791877,1.7763568394002506e-16
40,50,1.0,2.257973808493706,3.945452820144681,3.1156473895522137,8.881784197001253e-17
40,50,1.0,1.8862292311698146,3.1386716811613415,2.629945402794879,1.7763568394002506e-16
40,50,1.0,2.458653814044276,4.253699112756767,3.194393017152389,1.3322676295501878e-16
40,50,1.0,3.1358093624387355,4.5598820485003735,3.873724439938141,3.9968028886505636e-16
40,50,1.0,2.284269645739855,5.42053832147219,3.805490581924275,6.661338147750939e-16
40,75,0.7,4.7072266839975896e-07,1.1212576393138107e-05,5.654694948464822e-06,1.6940658945086008e-22
40,75,0.7,0.00010784660029417026,0.0006214685440792955,0.00034678515100852183,2.168404344971009e-20
40,75,0.7,0.0024827757010368323,0.2306215694740641,0.04549324069419258,0.0
40,75,0.7,0.390150036463329,2.1310033434515856,0.8672360367528448,8.881784197001253e-17
40,75,0.7,1.3374535491994521e-05,0.00014560721066603222,9.366657010270174e-05,5.4210108624275225e-21
40,75,0.7,0.0024705325969773817,0.016077302931674087,0.006602838071510764,3.4694469519536144e-19
40,75,0.7,0.07248789387303534,0.8834067062919826,0.6080443132182332,8.881784197001253e-17
40,75,0.7,0.4888906906989452,3.222186507737114,2.2602735526487634,1.7763568394002506e-16
40,75,0.7,0.006359700407035707,0.03940229373988702,0.01917353093236267,6.938893903907229e-19
40,75,0.7,0.313669493310599,0.8127456741697299,0.520974962476625,6.661338147750939e-17
40,75,0.7,0.9466428865529264,3.399444253616807,2.2160681780522413,8.881784197001253e-17
40,75,0.7,1.2681915961284642,3.435476640193713,2.771231250952573,0.0
40,75,0.7,0.46913229011547175,1.9816078541962594,1.1875756780511941,1.7763568394002506e-16
40,75,0.7,0.3363134721160326,2.974410499384064,1.8190417461215709,1.3322676295501878e-16
40,75,0.7,1.7239948183894218,3.124950715014944,2.519397715771432,8.881784197001253e-17
40,75,0.7,1.6414271929802031,4.370737347924713,3.318906257847586,4.884981308350689e-16
40,75,0.8,0.00011334698616183303,0.0023429206451592854,0.0009691181865947307,0.0
40,75,0.8,0.0018998684265878474,0.027315240502450155,0.011826598327534032,6.938893903907229e-19
40,75,0.8,0.1147584939683921,0.7349605138824278,0.3745475809277704,2.2204460492503132e-17
40,75,0.8,0.6523364124872697,2.619609275792748,1.8523955803307701,0.0
40,75,0.8,0.003131543495872524,0.008632602075938411,0.005101357945269757,3.4694469519536144e-19
40,75,0.8,0.01362889259520772,0.2577911482886788,0.13768065988420455,5.551115123125783e-18
40,75,0.8,0.19744957722846168,2.2303687522078417,1.384351202422042,1.7763568394002506e-16
40,75,0.8,1.4594691829361364,3.310478822394366,2.472936907425093,2.6645352591003756e-16
40,75,0.8,0.05447850137736099,0.48947069247234554,0.2334216443500705,0.0
40,75,0.8,0.5416532879202411,2.0466187648206824,1.2321509538516717,1.7763568394002506e-16
40,75,0.8,0.3537573312238149,2.9665312913546527,1.8827681747936915,0.0
40,75,0.8,2.1936592483603374,3.434645344337689,2.7553346827364953,8.881784197001253e-17
40,75,0.8,0.3922138323064073,2.4115577054267736,1.2627160650538265,8.881784197001253e-17
40,75,0.8,1.1058007305082502,3.157353594296485,2.407039219024658,2.6645352591003756e-16
40,75,0.8,1.2271680786693016,3.499826144671936,2.3912597234114683,2.6645352591003756e-16
40,75,0.8,2.7731170212108975,3.75888303809089,3.2709823134436724,1.7763568394002506e-16
40,75,0.9,0.004353605549095807,0.07023074542066299,0.03319480185473802,1.3877787807814458e-18
40,75,0.9,0.08859816310873869,1.0340944327437183,0.42449812683727056,5.551115123125783e-18
40,75,0.9,0.4869914836688989,2.782000428247312,1.5741498117600443,8.881784197001253e-17
40,75,0.9,1.507276185891286,3.4183029397720124,2.4313615806439537,0.0
40,75,0.9,0.053724776100882554,0.54441250451011,0.1963667429495346,0.0
40,75,0.9,0.1322081178732124,1.73096876676404,0.832745164767805,4.4408920985006264e-17
40,75,0.9,1.902862453686915,3.1526373247470407,2.4422413896263717,0.0
40,75,0.9,0.8057337865919618,3.706588741133619,2.697932119495345,8.881784197001253e-17
40,75,0.9,0.19435116283134635,2.2253585592380856,1.18682872684647,0.0
40,75,0.9,1.5348695342073921,2.6590979280236273,2.1585032546993554,8.881784197001253e-17
40,75,0.9,0.18567305368318943,3.2300123540896135,2.574591381293918,2.6645352591003756e-16
40,75,0.9,1.3665541383083064,4.162430059852085,3.0864070194756943,2.220446049250313e-16
40,75,0.9,0.719871519024164,2.6807476319827406,1.857641049924019,4.4408920985006264e-17
40,75,0.9,0.7000379404859527,3.6690505599667884,2.375215179247127,2.6645352591003756e-16
40,75,0.9,0.9951416843943623,3.8445097896698717,2.8255848555997636,2.6645352591003756e-16
40,75,0.9,0.6867827297261297,4.709764390462794,3.1672760768976587,8.881784197001253e-17
40,75,1.0,0.23056674310030845,1.4496059935698509,0.7998155577028367,4.4408920985006264e-17
40,75,1.0,0.7407023950747988,2.7356733666750945,2.0009458112705456,8.881784197001253e-17
40,75,1.0,1.1209719271052205,3.4534724009748072,2.3975965374807053,8.881784197001253e-17
40,75,1.0,1.9577632493178965,3.3616318500942843,2.644369481164361,8.881784197001253e-17
40,75,1.0,0.4900101295561119,2.246886242186197,1.3122999439150456,0.0
40,75,1.0,0.18417497833540297,2.76337220324605,1.872203636034762,0.0
40,75,1.0,1.0363046110423544,3.2179490811779385,2.3553019538870688,8.881784197001253e-17
40,75,1.0,0.596072279450095,4.0881164554785165,3.006163365605961,2.6645352591003756e-16
40,75,1.0,0.6200593663386127,2.709005421597898,1.660409306120356,1.3322676295501878e-16
40,75,1.0,1.1648354376051775,3.1811197197886156,2.377548594918388,0.0
40,75,1.0,1.9290347817557358,3.4508301168230706,2.7903050336066433,0.0
40,75,1.0,1.888340871406609,3.6437175233899883,2.8165673828349993,2.6645352591003756e-16
40,75,1.0,1.7543980524366387,3.249160039468276,2.449439968112314,8.881784197001253e-17
40,75,1.0,2.405753727647547,4.091639753868158,3.2100322564224193,3.9968028886505636e-16
40,75,1.0,2.578406230853077,3.614768804329572,3.2673925797769825,1.7763568394002506e-16
40,75,1.0,1.9176216878767112,4.562925781674405,2.864285573610764,2.220446049250313e-16
40,100,0.7,2.0338376760520305e-08,4.7341237108255996e-07,1.4435076431951188e-07,0.0
40,100,0.7,1.4653452429236324e-06,3.632477783854782e-05,1.4782354088627158e-05,6.776263578034403e-22
40,100,0.7,0.0019899705131796175,0.027274984898209897,0.00868528728899145,1.7347234759768072e-19
40,100,0.7,0.2712921284275578,1.5696345588772336,0.903297698979982,1.1102230246251565e-16
40,100,0.7,2.01622294371262e-06,1.3877483767021914e-05,6.941320166564679e-06,3.3881317890172015e-22
40,100,0.7,0.00015670581705551356,0.006424352928242616,0.001955225772703617,1.7347234759768072e-19
40,100,0.7,0.03589867824582571,0.7603748737048943,0.40419867570760787,1.1102230246251566e-17
40,100,0.7,0.4196761878908295,2.6695559720634887,1.6234011658246055,0.0
40,100,0.7,0.001026195997340995,0.01845594667882411,0.00771922848726172,3.4694469519536144e-19
40,100,0.7,0.1222039445663552,0.8435241739829178,0.4387251454862359,1.1102230246251566e-17
40,100,0.7,0.31926910364649475,2.719684566408312,1.8402258468622974,1.7763568394002506e-16
40,100,0.7,1.4689426826941419,3.2930304669968646,2.4392246883349715,2.6645352591003756e-16
40,100,0.7,0.07256576721239272,1.5914895863458232,0.8522215491792313,4.4408920985006264e-17
40,100,0.7,0.5971032144129187,2.5660053349716923,1.6635552414649983,0.0
40,100,0.7,1.2845945604649214,3.220866740323164,2.5769763950040163,8.881784197001253e-17
40,100,0.7,2.442080720354323,3.9744155281937066,3.1854621134575307,8.881784197001253e-17
40,100,0.8,9.43560074917471e-06,0.00013008642922018865,6.231401495151445e-05,5.4210108624275225e-21
40,100,0.8,0.0007664105725564418,0.016044467337945623,0.003460615528634481,0.0
40,100,0.8,0.03653799259249313,0.29973777494934284,0.1714786866309649,5.551115123125783e-18
40,100,0.8,0.6669894006509804,2.8056859155954226,1.7153470115365248,1.3322676295501878e-16
40,100,0.8,0.0004832318566525551,0.001599368609472851,0.0009329190685137157,4.336808689942018e-20
40,100,0.8,0.017774665096461195,0.24113587004394477,0.08852124178913394,0.0
40,100,0.8,0.43309846365319205,1.812942724768789,1.133078198748202,1.3322676295501878e-16
40,100,0.8,0.40697758952727314,2.9716152952618704,2.0859058490293374,1.7763568394002506e-16
40,100,0.8,0.00338932097116329,0.2653250205215305,0.13498315504374264,1.1102230246251566e-17
40,100,0.8,0.4471906051461656,1.9585404012717196,1.0315761554527196,4.4408920985006264e-17
40,100,0.8,1.42401352128195,3.083427965291144,2.3755362478164104,2.6645352591003756e-16
40,100,0.8,1.2528884113372034,3.594237252868265,2.604983522476103,8.881784197001253e-17
40,100,0.8,0.0939010505119211,2.4698565889561093,1.2915512327475098,1.7763568394002506e-16
40,100,0.8,0.7497619163277034,2.8538992582117833,2.024954656497472,1.7763568394002506e-16
40,100,0.8,1.9331352027669024,3.535707297196233,2.643472589310689,2.6645352591003756e-16
40,100,0.8,0.8272331901373602,3.21843901594788,2.345053684449815,2.6645352591003756e-16
40,100,0.9,0.001255113365293159,0.048099386691682344,0.019398520530807862,6.938893903907229e-19
40,100,0.9,0.04849484156019246,0.44759422426134465,0.2761711914757705,0.0
40,100,0.9,0.47312939555474687,2.2295667663111023,1.2336216300325042,0.0
40,100,0.9,0.8600329518455045,3.2689346212224923,2.211142467907332,2.6645352591003756e-16
40,100,0.9,0.030832677397619523,0.3482977391824318,0.13826449167487107,5.551115123125783e-18
40,100,0.9,0.411980385080835,1.902320976099951,0.8123825011783083,4.4408920985006264e-17
40,100,0.9,0.5848638512869369,2.6106305532876317,1.8234873944696943,8.881784197001253e-17
40,100,0.9,0.4979797620988866,3.2581995050311616,2.3016582231116574,0.0
40,100,0.9,0.3588556825181404,1.840796247121013,1.1227595366738488,8.881784197001253e-17
40,100,0.9,0.4797715898075272,2.49983445669491,1.8316607938391756,0.0
40,100,0.9,1.1630517098286508,3.403440389938375,2.4237402156748566,0.0
40,100,0.9,1.8594731584309874,3.2216777009405537,2.608840104384657,8.881784197001253e-17
40,100,0.9,1.2141633052389307,2.7730657083254617,2.1447777952382214,8.881784197001253e-17
40,100,0.9,1.8545380958224311,3.189668531533482,2.6226715966071024,0.0
40,100,0.9,1.0774051585185238,3.614920796771234,2.677016371086652,2.6645352591003756e-16
40,100,0.9,2.333087343630375,4.744935035019804,3.074726384938633,2.220446049250313e-16
40,100,1.0,0.06147994663648548,2.3123399554955637,1.0825348926401936,8.881784197001253e-17
40,100,1.0,0.9282944104798188,2.6455107682807726,1.7950907657039585,1.7763568394002506e-16
40,100,1.0,0.8127432945010367,3.4954462969138516,2.4145137768702836,0.0
40,100,1.0,0.3870664559051993,3.50662804711336,2.6376796104884876,2.6645352591003756e-16
40,100,1.0,0.3929269209316435,2.372300080569382,1.5330308662600163,1.7763568394002506e-16
40,100,1.0,0.43363149777638244,2.482755036931398,1.8402048380638327,4.4408920985006264e-17
40,100,1.0,0.6665635882552903,2.9940592478815806,1.8797106478490906,1.7763568394002506e-16
40,100,1.0,1.3127500479190144,3.745347611434273,2.690101484875877,0.0
40,100,1.0,0.7209632300775479,2.698612917887623,1.7877833467460769,0.0
40,100,1.0,0.4095656342946694,3.5473801966343967,2.3136592765148145,0.0
40,100,1.0,0.7834288682207995,3.6665909058244037,2.352396807455176,2.6645352591003756e-16
40,100,1.0,1.9773404279429276,3.781563769619336,2.9457180869326955,0.0
40,100,1.0,0.7305147826948759,3.435864752029904,2.729572881164164,8.881784197001253e-17
40,100,1.0,1.7440476900115418,3.575229779550327,2.7801177926517973,8.881784197001253e-17
40,100,1.0,1.4732559833496564,3.6211438599379986,2.6367060229283217,2.6645352591003756e-16
40,100,1.0,1.554606820245962,3.234644900092658,2.6981837679972918,8.881784197001253e-17
40,125,0.7,3.987890018208873e-10,4.289838262394596e-09,1.6960048476732936e-09,4.1359030627651386e-26
40,125,0.7,2.483593459778888e-07,7.530906600994314e-06,1.934388289104305e-06,0.0
40,125,0.7,0.0006602234509043292,0.005918345481223941,0.002654507535599837,8.673617379884036e-20
40,125,0.7,0.09057295644469976,2.0062545456939387,0.7153828903672412,8.881784197001253e-17
40,125,0.7,8.137251628070885e-08,9.700874312734697e-07,5.532788670770117e-07,2.117582368135751e-23
40,125,0.7,7.329278809509177e-05,0.0007073448551655481,0.0002699518667459877,1.0842021724855045e-20
40,125,0.7,0.057610300587974894,0.6509657005635181,0.28875728864859707,2.2204460492503132e-17
40,125,0.7,0.392766312905366,2.561086895122625,1.5457462177671633,1.7763568394002506e-16
40,125,0.7,0.0005018643188567928,0.007665339303880803,0.0029170451339006753,0.0
40,125,0.7,0.08331752432204143,0.37469483157800854,0.19884280752285804,1.1102230246251566e-17
40,125,0.7,0.38621554285683546,2.8073711532920815,1.696039130796727,8.881784197001253e-17
40,125,0.7,0.3000525704334227,2.7011174955758297,1.9458649046568248,0.0
40,125,0.7,0.3063427706390489,1.656882921265638,0.8458292262500986,1.3322676295501878e-16
40,125,0.7,0.6834183156928408,2.5304326818868117,1.6974839118797003,1.7763568394002506e-16
40,125,0.7,1.3224171224445453,3.036765185477304,2.333934075553318,0.0
40,125,0.7,2.6490491122629547,3.5886844118755197,3.0685292057033564,8.881784197001253e-17
40,125,0.8,5.360552894906334e-07,2.332783676850525e-05,1.0335540258044063e-05,6.776263578034403e-22
40,125,0.8,9.187409726196805e-05,0.0016775593416729073,0.0006823602825996921,2.168404344971009e-20
40,125,0.8,0.00991515777313312,0.41866364974218273,0.09897742972848009,0.0
40,125,0.8,0.1941676098383387,2.3320574864289836,1.218571326667768,1.3322676295501878e-16
40,125,0.8,0.00020870811725659522,0.0011711324940830714,0.0005574594136292354,4.336808689942018e-20
40,125,0.8,0.004398567549746435,0.08114046305989975,0.030749762836028528,0.0
40,125,0.8,0.39098909510305235,1.3870765918682442,0.7537312898106971,1.3322676295501878e-16
40,125,0.8,0.37129586191653674,2.709216483741866,1.7863090814880696,1.3322676295501878e-16
40,125,0.8,0.002991145606778378,0.10260543255028809,0.03914443377224837,2.7755575615628915e-18
40,125,0.8,0.3836188500147135,2.055770658161429,0.9116496691771537,8.881784197001253e-17
40,125,0.8,0.5896560974668508,3.228159234370438,2.119022748185397,1.7763568394002506e-16
40,125,0.8,2.0642007429418716,3.9953679346894053,2.825895213957454,0.0
40,125,0.8,0.16182520555349145,2.2753335017651257,1.4027272569841789,0.0
40,125,0.8,0.8932309606975264,2.632852870194775,1.9240636423472908,0.0
40,125,0.8,1.3751210188813485,3.2449176041433536,2.390424197264973,1.7763568394002506e-16
40,125,0.8,1.6026091775413858,4.519755868462077,3.1762438483284763,5.773159728050814e-16
40,125,0.9,0.00268749989027528,0.02407238420845248,0.012665458262930418,0.0
40,125,0.9,0.002392906426898822,0.18664018307563568,0.08901561540637112,5.551115123125783e-18
40,125,0.9,0.4275145403741587,2.303844129061098,1.315327394131467,8.881784197001253e-17
40,125,0.9,0.37581181949119413,2.9733996405882697,1.759192432834761,0.0
40,125,0.9,0.054266139367602495,0.35472450786255694,0.13870198593842115,1.1102230246251566e-17
40,125,0.9,0.45377751203714967,2.2874147390465294,1.1306791269766165,8.881784197001253e-17
40,125,0.9,1.070748297559771,2.654563467590425,1.812710461414548,1.7763568394002506e-16
40,125,0.9,0.9076578142016882,3.3423524737489783,2.463778765485954,8.881784197001253e-17
40,125,0.9,0.3474382799022746,2.037378308075667,0.8589292948856186,1.3322676295501878e-16
40,125,0.9,0.28943067850991655,2.746080432274358,1.6688229997669777,0.0
40,125,0.9,0.5437842513706816,2.784322019131786,2.129740608385843,8.881784197001253e-17
40,125,0.9,1.0904665671779878,3.5181762903743636,2.707151687577144,8.881784197001253e-17
40,125,0.9,1.3537496635552313,2.6625036013077303,2.0451337639530496,1.7763568394002506e-16
40,125,0.9,1.7671618088883254,2.9315409761336118,2.360204900420004,2.6645352591003756e-16
40,125,0.9,1.8588248381686978,3.8156343667245847,2.7911131575835286,8.881784197001253e-17
40,125,0.9,1.9284271682609604,3.69496599245435,2.9669403081284242,2.6645352591003756e-16
40,125,1.0,0.27951187828549395,2.06355002117277,0.8422367067180978,1.3322676295501878e-16
40,125,1.0,0.4838007446071839,2.7431579896808143,1.6922623232590048,8.881784197001253e-17
40,125,1.0,0.43498177083517264,2.837452397220386,1.9806107619671427,0.0
40,125,1.0,1.4010061049440847,3.4661805646689854,2.4406592119876187,8.881784197001253e-17
40,125,1.0,0.7113519704829909,2.377241551236605,1.3278017848596921,4.4408920985006264e-17
40,125,1.0,0.22808203147260686,2.6220155947574644,1.4871583434619158,8.881784197001253e-17
40,125,1.0,1.2574768712782576,3.386667587759981,2.3305773463830515,1.7763568394002506e-16
40,125,1.0,1.7032920211423428,3.7685302441244777,2.931899781266698,8.881784197001253e-17
40,125,1.0,1.4489207008265308,2.957878291882921,2.2767352520504236,8.881784197001253e-17
40,125,1.0,1.6197795740817331,3.117010373540261,2.4247871037348494,2.6645352591003756e-16
40,125,1.0,1.6189341615357447,3.409859100779521,2.637852588078533,2.6645352591003756e-16
40,125,1.0,1.2124912064131625,3.8420783509066436,2.709870046969687,1.7763568394002506e-16
40,125,1.0,0.8726578182115898,2.654352289969552,2.2142072364585474,0.0
40,125,1.0,0.8288465831747627,3.7298445391790307,2.7169535844216335,0.0
40,125,1.0,1.1047684831264175,3.5759728392880707,2.842462533327899,0.0
40,125,1.0,1.6572012147948887,4.252053074427753,3.22909669482555,4.4408920985006264e-17
50,50,0.7,7.317373762250057e-05,0.00040985498570877965,0.00022807678937519782,0.0
50,50,0.7,0.0030467028561429466,0.011723138052122994,0.004889596320587675,1.7347234759768072e-19
50,50,0.7,0.014984738630858363,0.3278666434797306,0.1273236429681547,5.551115123125783e-18
50,50,0.7,0.1333590067401258,2.463001012640721,1.3698127624402914,1.7763568394002506e-16
50,50,0.7,0.0009008974185964469,0.0044195652131731045,0.001989605861909727,1.7347234759768072e-19
50,50,0.7,0.005893708233899009,0.04256240445603199,0.02381714710614071,1.3877787807814458e-18
50,50,0.7,0.17534965210090947,1.1210331819004797,0.5061018156042156,4.4408920985006264e-17
50,50,0.7,0.3553388962681372,3.681039929457715,2.0531457390224195,0.0
50,50,0.7,0.005568381002433842,0.073974422818186,0.04302941711240118,1.3877787807814458e-18
50,50,0.7,0.19928534056916591,1.9258801936603622,0.861730297276981,8.881784197001253e-17
50,50,0.7,1.6021435352752644,2.929798120583691,2.2735873728108844,2.6645352591003756e-16
50,50,0.7,1.7435145753733754,3.657439871718854,2.7328272272818275,8.881784197001253e-17
50,50,0.7,0.3543176316221488,1.5779039498815668,0.9766580837734541,6.661338147750939e-17
50,50,0.7,0.8168415985748365,3.430282577211909,2.2498784375239844,0.0
50,50,0.7,1.5552546485643934,3.629238832451144,2.4422025215070304,2.6645352591003756e-16
50,50,0.7,0.7812686666741198,4.035713736801107,2.9796774055016497,5.773159728050814e-16
50,50,0.8,0.0029939929963380685,0.011213274801637585,0.00610734416098504,3.4694469519536144e-19
50,50,0.8,0.012225726663793512,0.16465924719316805,0.06949189547724233,0.0
50,50,0.8,0.2066547862124435,1.3738873556265578,0.5231216908124008,8.881784197001253e-17
50,50,0.8,1.297917905845623,3.262050267784993,2.039166451327987,0.0
50,50,0.8,0.0058604173919616365,0.05138571475510334,0.0277166790604082,0.0
50,50,0.8,0.05840905434611843,0.5434053488558317,0.2581104846367002,1.1102230246251566e-17
50,50,0.8,0.6663110117260236,2.4150553573595706,1.5112040823082609,8.881784197001253e-17
50,50,0.8,1.8810924783954133,3.3919817058837727,2.6449632327576147,8.881784197001253e-17
50,50,0.8,0.10939839592724754,1.2952728828509952,0.48153807973823926,6.661338147750939e-17
50,50,0.8,0.09718591882070315,2.3404279418863543,0.836949167199478,8.881784197001253e-17
50,50,0.8,0.7189065763472837,2.942708653642051,1.899081930007466,0.0
50,50,0.8,1.608810643409225,4.00568183604118,2.6278926606868795,2.220446049250313e-16
50,50,0.8,0.5010455871616029,2.706332438963614,1.7004382608112212,1.7763568394002506e-16
50,50,0.8,0.7817017177270746,2.904964356497722,2.0548249558659233,8.881784197001253e-17
50,50,0.8,2.0060827161209294,3.6811945246521955,3.0238581540764025,0.0
50,50,0.8,2.5032041213207212,3.7462789667694385,3.1422126899823466,2.6645352591003756e-16
50,50,0.9,0.021635167122469046,0.27341360561168004,0.09418585562149931,5.551115123125783e-18
50,50,0.9,0.0909923011788476,1.6453760534019506,0.6141985191420399,8.881784197001253e-17
50,50,0.9,0.6139147533547953,2.171604182825608,1.3937525334590126,1.7763568394002506e-16
50,50,0.9,1.8497859089746957,3.6962124964384917,2.455890818923396,2.6645352591003756e-16
50,50,0.9,0.09987632856740136,0.6611671902271223,0.36171126010498655,0.0
50,50,0.9,0.18317127721889692,2.9882445423652766,1.2423184834122085,1.7763568394002506e-16
50,50,0.9,0.3471552820202395,2.975021716210986,2.317712293856405,8.881784197001253e-17
50,50,0.9,1.9649015028584604,3.67273233458014,2.836480225229911,8.881784197001253e-17
50,50,0.9,0.7166583639723325,2.559009522583399,1.435480440175088,0.0
50,50,0.9,0.811566860926654,2.9869307714293893,2.1575163930188053,8.881784197001253e-17
50,50,0.9,1.777433259128792,3.112927874317642,2.6757095622313694,2.6645352591003756e-16
50,50,0.9,2.4955569248363365,4.047897721284873,3.110656414115719,2.220446049250313e-16
50,50,0.9,0.7203615273772752,3.101675853470518,2.257982696224169,8.881784197001253e-17
50,50,0.9,0.9467039300834696,3.160469583353333,2.1831199923846905,8.881784197001253e-17
50,50,0.9,2.1147893506506503,4.293229720267739,3.108769125721156,1.3322676295501878e-16
50,50,0.9,1.8641667478725528,4.542323535269162,3.2170243521032615,5.773159728050814e-16
50,50,1.0,0.29447969435039,2.8937030182405157,1.178748886505014,8.881784197001253e-17
50,50,1.0,1.2390257469128767,3.3229981924137424,2.232243040867183,2.6645352591003756e-16
50,50,1.0,0.3477140592823962,3.448555356798409,2.366933221887825,8.881784197001253e-17
50,50,1.0,1.7566773332558197,4.2534892877881525,2.8945141660954694,3.108624468950438e-16
50,50,1.0,0.7982464478297904,2.189983224442017,1.5346900742327154,8.881784197001253e-17
50,50,1.0,0.31329599844115963,2.5777849298689266,1.95319753143173,8.881784197001253e-17
50,50,1.0,2.0787350104428417,3.4637365644869047,2.727590024622783,8.881784197001253e-17
50,50,1.0,1.8265985015601314,3.7841721861244015,2.899033019513001,8.881784197001253e-17
50,50,1.0,0.8586436669507447,2.407991544698135,1.856884185334805,1.3322676295501878e-16
50,50,1.0,0.37617902466531605,3.2314338294429743,2.2924818007617507,8.881784197001253e-17
50,50,1.0,2.46504686422621,3.428369139519536,2.9276889935376365,0.0
50,50,1.0,0.3379944311041396,4.931413800296017,2.812122228613154,4.4408920985006264e-17
50,50,1.0,1.445680018182483,3.8921222334011003,2.8502117151832267,0.0
50,50,1.0,1.721050124431081,4.470338035397823,2.9864881323291357,3.552713678800501e-16
50,50,1.0,1.228052162324286,3.9576693092217394,3.0260390805406088,2.6645352591003756e-16
50,50,1.0,2.1540953431766856,3.882687643926378,3.0343720367930187,2.6645352591003756e-16
50,75,0.7,1.5054400361869114e-06,1.0731586020273909e-05,5.40084232136806e-06,0.0
50,75,0.7,6.851095200177681e-05,0.0007613687172676187,0.00028079177392266176,1.0842021724855045e-20
50,75,0.7,0.004932655186391077,0.06125696441143136,0.027612055353408937,0.0
50,75,0.7,0.2186436851080562,2.1273094061623046,1.199279631753554,1.3322676295501878e-16
50,75,0.7,3.3774946786468973e-05,0.00034054968082530834,0.00011181328342155795,5.4210108624275225e-21
50,75,0.7,0.0015803994871643745,0.009705656231095094,0.0037986449829046087,0.0
50,75,0.7,0.16842396924871794,1.1074539165036659,0.43270803379906697,0.0
50,75,0.7,0.946435870809712,3.07690646899064,2.141433609971144,2.6645352591003756e-16
50,75,0.7,0.005595245165299634,0.03004408576188,0.012741329049071215,0.0
50,75,0.7,0.18843999879197115,0.8852214707957349,0.4884321018526624,6.661338147750939e-17
50,75,0.7,0.2902922071381835,2.64698771030049,1.9570532604817923,1.7763568394002506e-16
50,75,0.7,0.6520722806093713,3.3834819060651005,2.439060561531348,8.881784197001253e-17
50,75,0.7,0.5050991607222,2.0233964195613336,1.0095954793414308,4.4408920985006264e-17
50,75,0.7,0.12665231771368513,2.4363124139949766,1.4417582499427184,4.4408920985006264e-17
50,75,0.7,1.6442934355267202,2.85645049446886,2.261378485475776,0.0
50,75,0.7,1.7212347071579015,3.819743231231332,2.6405559802202494,0.0
50,75,0.8,0.00014327270966107974,0.0007623660965063728,0.0004120113823867122,1.0842021724855045e-20
50,75,0.8,0.0016814954659314374,0.025327404552758725,0.011192652121738167,3.4694469519536144e-19
50,75,0.8,0.06388509963347078,0.5335897433481382,0.3280153627796108,1.1102230246251566e-17
50,75,0.8,0.46192773737698944,2.4547348270056735,1.6568547006381356,0.0
50,75,0.8,0.002043703745993941,0.010870952239625087,0.00546826862193237,3.4694469519536144e-19
50,75,0.8,0.015168249948001478,0.34630535382481087,0.10044560554006496,5.551115123125783e-18
50,75,0.8,0.7844084481531621,2.5464613272476453,1.5285412847204902,1.3322676295501878e-16
50,75,0.8,1.532109315462503,3.2377906449237277,2.466187403995563,2.6645352591003756e-16
50,75,0.8,0.05889031270642109,0.8180877176665828,0.21047414796238337,0.0
50,75,0.8,0.36944757760566604,2.4593951393055957,1.1601099313481942,1.3322676295501878e-16
50,75,0.8,1.280222875670106,2.9603236267920434,2.0567643653164454,0.0
50,75,0.8,2.331958735844872,3.1394985627909127,2.7712133455507164,8.881784197001253e-17
50,75,0.8,0.0935285717901313,2.1511820686118317,1.185159110121131,0.0
50,75,0.8,0.9640503040409105,2.8273334644787558,2.2235246594433367,8.881784197001253e-17
50,75,0.8,2.3595812620487817,3.0781722244621084,2.627205897768372,0.0
50,75,0.8,2.424133370943402,3.3863421339561133,2.944584431286027,8.881784197001253e-17
50,75,0.9,0.013704503523598976,0.12540378038354705,0.04501540497196617,2.7755575615628915e-18
50,75,0.9,0.11008374808014354,0.8207174085313693,0.3273727292554338,0.0
50,75,0.9,0.3981256006433651,1.5156847990881386,1.0167751693078706,1.3322676295501878e-16
50,75,0.9,1.7196871876551225,2.7601792972217045,2.3045706798491015,8.881784197001253e-17
50,75,0.9,0.04429570986286224,0.7848817813527238,0.22684625349674378,0.0
50,75,0.9,0.18864080214932288,1.9237519753905983,0.9310945429848136,4.4408920985006264e-17
50,75,0.9,0.9680008737975432,2.931795889086825,1.7361101648032942,1.7763568394002506e-16
50,75,0.9,1.2176281649560043,3.5809698699262182,2.2908744914118357,1.7763568394002506e-16
50,75,0.9,0.6077016604984213,2.028301294998404,1.2332943499658016,0.0
50,75,0.9,0.7364693167028773,3.181012315492979,1.8250688863998168,4.4408920985006264e-17
50,75,0.9,0.7526799102545181,3.628752016052886,2.1954300501840316,0.0
50,75,0.9,1.8741391121405013,3.796266273899502,2.6678653055356216,8.881784197001253e-17
50,75,0.9,0.5330855651203525,2.444909487606243,1.8042846654599987,1.7763568394002506e-16
50,75,0.9,0.4325576051852633,3.297304364559793,2.194038676088627,8.881784197001253e-17
50,75,0.9,1.98927492305241,3.8054786407879075,2.8416171961842034,2.6645352591003756e-16
50,75,0.9,0.3249967484562686,4.453653524521194,3.120099169807461,1.3322676295501878e-16
50,75,1.0,0.13143724652661648,1.7123608559697314,0.8955592089345437,1.3322676295501878e-16
50,75,1.0,0.6899753319055866,2.679377053641709,1.7430721070083215,1.7763568394002506e-16
50,75,1.0,0.9649954862680983,3.148824901723558,2.2972369648601347,8.881784197001253e-17
50,75,1.0,1.3449609781284235,3.4766072443811997,2.843898854282266,0.0
50,75,1.0,0.2607840077962078,2.2600715796027377,1.2573206607254892,1.3322676295501878e-16
50,75,1.0,0.3846532812024148,2.779695715685975,1.8143731866998376,8.881784197001253e-17
50,75,1.0,1.562730735420733,3.3747872895097193,2.5427406573861058,8.881784197001253e-17
50,75,1.0,1.611628390545175,3.8489812334697615,2.779657851253321,0.0
50,75,1.0,0.5111096598962637,3.056657900634431,2.0721615770083313,2.6645352591003756e-16
50,75,1.0,1.3631518116953925,2.8214973949067788,2.2119236362651127,0.0
50,75,1.0,1.2044188019442257,3.6413467536991857,2.77136336011979,2.6645352591003756e-16
50,75,1.0,2.6665908159899243,3.710518264290361,3.1609164307302087,1.7763568394002506e-16
50,75,1.0,0.3997800681203434,3.5463988821793078,2.471501192840642,2.6645352591003756e-16
50,75,1.0,2.422744788513317,3.5061550022538737,2.949364115239585,8.881784197001253e-17
50,75,1.0,2.2821206580907156,3.593443797000909,2.808046157556702,8.881784197001253e-17
50,75,1.0,1.4446022994772858,4.221934214479248,3.144180214275158,3.552713678800501e-16
50,100,0.7,2.6969285915612318e-08,2.2993970150153586e-07,1.1799075858576202e-07,5.2939559203393774e-24
50,100,0.7,1.0189500958990294e-05,3.435138359408896e-05,2.023061747147281e-05,0.0
50,100,0.7,0.002611548758296056,0.04296438736219743,0.012066249906906013,6.938893903907229e-19
50,100,0.7,0.1603720213650459,1.5369295262623024,0.683181551829124,8.881784197001253e-17
50,100,0.7,1.2345375250966129e-06,6.513202482683056e-06,3.7474755765209977e-06,0.0
50,100,0.7,0.00021613618372429144,0.00524942641822479,0.0014673477193601237,2.168404344971009e-20
50,100,0.7,0.03021283849350853,0.41563312508881767,0.21217258158359806,5.551115123125783e-18
50,100,0.7,0.7449186861505699,2.806184962472092,1.9067253210426067,4.4408920985006264e-17
50,100,0.7,0.0001887990258322425,0.01313123317508813,0.005366410575177926,3.4694469519536144e-19
50,100,0.7,0.05874532284787337,0.7205270560191939,0.3034902959734006,2.2204460492503132e-17
50,100,0.7,0.522900190516872,2.307543975136792,1.4073896231285499,8.881784197001253e-17
50,100,0.7,1.4273627123827386,3.2098555805067552,2.4997063553252685,2.6645352591003756e-16
50,100,0.7,0.12679086328030964,1.8294049721554448,0.6809906613462295,1.3322676295501878e-16
50,100,0.7,0.2577485563179569,2.7268536155776535,1.8599020874686516,1.3322676295501878e-16
50,100,0.7,1.7620063020127898,3.1675821038494445,2.4729734274655266,2.6645352591003756e-16
50,100,0.7,2.1079091825873175,3.4551403490016814,2.894540285519139,8.881784197001253e-17
50,100,0.8,1.6011181270148e-05,8.319779875565203e-05,4.262030757944402e-05,2.7105054312137612e-21
50,100,0.8,0.0005219910991631771,0.008803426889003152,0.0041318059398599335,3.4694469519536144e-19
50,100,0.8,0.03312416016563846,0.3599217310259104,0.145162287553572,5.551115123125783e-18
50,100,0.8,0.5074918383878573,2.299222135216326,1.259272382398633,8.881784197001253e-17
50,100,0.8,0.00016131557440646205,0.00349868012217458,0.0016389742855030143,4.336808689942018e-20
50,100,0.8,0.017284691729415602,0.19352053257962298,0.07538421970165787,0.0
50,100,0.8,0.2378379248197402,1.9843695423039738,0.8912364792870487,8.881784197001253e-17
50,100,0.8,0.09835905222648877,3.1259839630174864,1.901878425992496,1.7763568394002506e-16
50,100,0.8,0.013991705738238824,0.3559654459871955,0.11632960275100297,1.3877787807814458e-18
50,100,0.8,0.10097722266348486,2.1878357037634655,1.032545195642928,1.7763568394002506e-16
50,100,0.8,0.3575366128182833,2.6254822744275796,1.9606728828347297,4.4408920985006264e-17
50,100,0.8,1.4093185312611713,3.279765430526148,2.7105094167096215,8.881784197001253e-17
50,100,0.8,0.24269689641436232,2.1488223158782955,1.2818550810347655,1.3322676295501878e-16
50,100,0.8,0.6701575530738784,2.7256055585184,1.9376491669618818,1.3322676295501878e-16
50,100,0.8,1.2308231814393946,3.2203331177719297,2.534505050390723,2.6645352591003756e-16
50,100,0.8,1.8886343923622602,3.941552358122458,2.9906312518008193,0.0
50,100,0.9,0.004624490425844119,0.05164447371429093,0.01813473747994019,1.3877787807814458e-18
50,100,0.9,0.09487457867825144,0.36302708161060737,0.19314533435263792,0.0
50,100,0.9,0.42567607685364495,2.3562966221195762,1.146451978106492,4.4408920985006264e-17
50,100,0.9,0.7995530346668649,2.7598284298261793,2.175509691661685,2.6645352591003756e-16
50,100,0.9,0.0854238157936078,0.21013803412622112,0.12182304774546368,5.551115123125783e-18
50,100,0.9,0.2499769910785692,1.7051777372959056,0.7889527398478006,6.661338147750939e-17
50,100,0.9,0.3688814250872814,3.1980627276506692,2.082615102330521,1.7763568394002506e-16
50,100,0.9,2.2005779701587014,3.4875951708821593,2.7000737734141924,1.7763568394002506e-16
50,100,0.9,0.1626326498135353,1.4634978684931323,0.9042801977071413,8.881784197001253e-17
50,100,0.9,0.5388943327764442,2.408501955177656,1.5512006674149663,1.3322676295501878e-16
50,100,0.9,2.0811220509723722,3.235123743222456,2.6360277236564955,0.0
50,100,0.9,1.35126886948995,3.430521513435924,2.232342225272271,8.881784197001253e-17
50,100,0.9,0.6896353242470963,2.7450889464434387,1.6126643181487268,4.4408920985006264e-17
50,100,0.9,1.3331298665535383,3.447186492336837,2.4385398665635316,2.6645352591003756e-16
50,100,0.9,2.4811632881069596,3.89182230720736,3.2002205963488812,2.6645352591003756e-16
50,100,0.9,0.4332849963523171,3.8522850778939035,2.7607986408522107,8.881784197001253e-17
50,100,1.0,0.20490732073713191,1.153129066360283,0.752203110179207,4.4408920985006264e-17
50,100,1.0,0.7485092715997799,1.8063501290896018,1.1436941875698086,8.881784197001253e-17
50,100,1.0,0.3474621226043486,2.896655628398499,1.9528019987145833,4.4408920985006264e-17
50,100,1.0,1.750087555929071,3.11581304101609,2.448126206320476,0.0
50,100,1.0,0.33109002256079423,2.322393772543361,1.1331268441494733,0.0
50,100,1.0,0.5209232919627529,2.5598090977293535,1.7169005526819248,1.3322676295501878e-16
50,100,1.0,0.5977540594218103,2.765513151086481,1.9397097987444805,1.7763568394002506e-16
50,100,1.0,1.3206715143564947,3.4083268162609532,2.5007029947230044,1.7763568394002506e-16
50,100,1.0,0.2386288620585515,2.382171251238536,1.4317628160917928,0.0
50,100,1.0,0.8631097652442112,3.331768319850369,2.366461913707597,2.6645352591003756e-16
50,100,1.0,1.7044322670378915,3.3118125833948153,2.6724681702840454,0.0
50,100,1.0,2.1812899410767277,4.140236111570378,2.9020097418335506,3.9968028886505636e-16
50,100,1.0,1.2532709479986157,3.5278936154385545,2.6382173902007073,2.6645352591003756e-16
50,100,1.0,1.996153734208694,3.6112755879868215,2.8991960984299734,8.881784197001253e-17
50,100,1.0,1.740026305432345,3.518455739286147,2.796777511874643,0.0
50,100,1.0,1.6939061596072702,4.205352223511859,2.9917173208499768,4.884981308350689e-16
50,125,0.7,5.320441864853365e-10,3.859021990848532e-09,1.6755422826975063e-09,8.271806125530277e-26
50,125,0.7,3.4050450681277766e-07,2.391668669776692e-06,1.093760056836146e-06,8.470329472543004e-23
50,125,0.7,0.0004458341935706933,0.016441064647665815,0.005099244130056579,0.0
50,125,0.7,0.057798023553730093,0.9953787154772127,0.519787418920356,1.3322676295501878e-16
50,125,0.7,8.777945170734824e-08,5.985406947850436e-07,3.020064647252241e-07,0.0
50,125,0.7,7.223448840010249e-05,0.0010525605762592427,0.00029952347519115465,2.168404344971009e-20
50,125,0.7,0.006858003230235443,0.7115909936450291,0.31177016793837753,0.0
50,125,0.7,0.5277773843877083,2.574586099655939,1.6997206315630842,0.0
50,125,0.7,0.00043499261483903595,0.0033408775255812095,0.001668363575674281,4.336808689942018e-20
50,125,0.7,0.006490306577650262,0.592295596986752,0.356645028359208,1.1102230246251566e-17
50,125,0.7,0.7244102134512223,2.3209275060534797,1.446193861233077,8.881784197001253e-17
50,125,0.7,0.6947605447358218,3.248585506574216,2.26273073303063,0.0
50,125,0.7,0.08825830785789579,1.756897484446299,0.520870235708584,9.992007221626409e-17
50,125,0.7,1.050338678896669,2.461019098028015,1.7905416159617729,1.7763568394002506e-16
50,125,0.7,1.02255189863433,2.99528348639295,2.2890677691255794,8.881784197001253e-17
50,125,0.7,0.44920818945268737,2.5971367794286775,2.0491530853498188,0.0
50,125,0.8,1.6327266725291167e-06,1.1167339345252714e-05,5.130787461116171e-06,0.0
50,125,0.8,0.00017544326197382887,0.0012588907651793768,0.0006161624526172637,4.336808689942018e-20
50,125,0.8,0.028782926022494326,0.3206206057392582,0.11922030918319396,5.551115123125783e-18
50,125,0.8,0.48257279110147566,2.518300716951796,1.2473934044375572,4.4408920985006264e-17
50,125,0.8,2.8477958235573197e-05,0.0005961953955950783,0.00020047531492304316,0.0
50,125,0.8,0.0014384895848995605,0.07003888799241453,0.02521121055511886,1.3877787807814458e-18
50,125,0.8,0.08858881245987194,1.6871606766438814,0.9207797815689428,1.1102230246251565e-16
50,125,0.8,1.183861368045577,2.9727887185393205,2.00195097020701,1.7763568394002506e-16
50,125,0.8,0.017261588085013546,0.1823049766824565,0.07548119737000762,2.7755575615628915e-18
50,125,0.8,0.179648713801019,1.2778677325609036,0.7485482819104409,6.661338147750939e-17
50,125,0.8,1.0782809674486526,2.8571187529250044,1.9216950409560387,0.0
50,125,0.8,1.0861005820028429,3.2805635424523065,2.5537177376816915,8.881784197001253e-17
50,125,0.8,0.22090953877152986,2.630410922898325,1.3938483114263218,0.0
50,125,0.8,0.4919352298469595,2.679216497211286,1.6542657834481491,1.7763568394002506e-16
50,125,0.8,0.3978781359707537,3.191967036964851,2.2036523171902456,8.881784197001253e-17
50,125,0.8,1.9406485801436095,3.688067347077397,2.7733995583786757,1.7763568394002506e-16
50,125,0.9,0.001238587275811387,0.02616444264165496,0.008840708534286978,0.0
50,125,0.9,0.018051605694747952,0.2518861965443091,0.14510715577819377,0.0
50,125,0.9,0.15198485007783136,2.3703346484882215,1.0049135877668007,8.881784197001253e-17
50,125,0.9,1.06570824237571,2.824305761456579,2.24477812435127,8.881784197001253e-17
50,125,0.9,0.017471487538536667,0.2325978360540799,0.10065052896728774,5.551115123125783e-18
50,125,0.9,0.12700053777640408,0.8766781683005225,0.5054394357743263,1.1102230246251565e-16
50,125,0.9,0.40698980019880127,2.890031115699902,1.6172489528947456,4.4408920985006264e-17
50,125,0.9,1.6884326576829705,3.250854148472371,2.294698502364432,2.6645352591003756e-16
50,125,0.9,0.22764511692456724,1.7869994957393769,1.0354262163988093,8.881784197001253e-17
50,125,0.9,0.7089142680142548,2.53250408796243,1.509256002909705,8.881784197001253e-17
50,125,0.9,0.36040221872637845,2.732939336432509,1.9064361943831218,1.7763568394002506e-16
50,125,0.9,1.3114880126797108,3.6309621065647915,2.5256423664454664,2.6645352591003756e-16
50,125,0.9,0.4192767040709282,2.545901329562803,1.3333555657646035,4.4408920985006264e-17
50,125,0.9,1.5802666700683337,3.01359975383706,2.402348925362254,1.7763568394002506e-16
50,125,0.9,1.500680825050456,3.5354871425642256,2.5541964654577023,0.0
50,125,0.9,1.6944751540880074,3.9213819354676187,2.6764575328396476,0.0
50,125,1.0,0.11491074342197694,1.6551019500594113,0.8642884241391211,1.3322676295501878e-16
50,125,1.0,0.7840952771124248,2.228402098716334,1.6654743600807094,1.7763568394002506e-16
50,125,1.0,0.6899995853119383,2.6442203768214907,2.1318951849693963,8.881784197001253e-17
50,125,1.0,0.7415691917502341,2.9062541409455567,2.2361566029882445,2.6645352591003756e-16
50,125,1.0,0.35481515103347094,2.1875688509863562,0.943210765250597,4.4408920985006264e-17
50,125,1.0,0.23016665453362295,2.5923065934240026,1.621000084696724,4.4408920985006264e-17
50,125,1.0,0.43580338557472986,2.809972482945416,1.6556558261318894,8.881784197001253e-17
50,125,1.0,1.6704897063921433,4.403718669223931,2.655924670427363,2.220446049250313e-16
50,125,1.0,0.4438014966949315,2.6048875061534713,1.8488045755136902,1.3322676295501878e-16
50,125,1.0,1.737467069634914,3.0528997745226794,2.3801767174933874,1.7763568394002506e-16
50,125,1.0,0.7197298057993078,2.8896023953486183,2.2762708514221672,0.0
50,125,1.0,2.209991950120831,3.104374276270893,2.671988379113099,8.881784197001253e-17
50,125,1.0,1.8625325718252772,2.79301676070973,2.37539382375301,0.0
50,125,1.0,2.386321906014342,2.989405093661308,2.7363535858641437,1.7763568394002506e-16
50,125,1.0,2.2473318571586423,3.352164237905829,2.8336264239894167,8.881784197001253e-17
50,125,1.0,2.0803452278583525,3.722280858061382,3.247086424008761,8.881784197001253e-17
